sci_name,animal,toxic
Canna edulis,cat,FALSE
Canna edulis,dog,FALSE
Canna edulis,horse,FALSE
Cucurbita pepo,cat,FALSE
Cucurbita pepo,dog,FALSE
Cucurbita pepo,horse,FALSE
Arum maculatum,cat,TRUE
Arum maculatum,dog,TRUE
Arum maculatum,horse,TRUE
Gerbera jamesonii,cat,FALSE
Gerbera jamesonii,dog,FALSE
Gerbera jamesonii,horse,FALSE
Saintpaulia spp.,cat,FALSE
Saintpaulia spp.,dog,FALSE
Saintpaulia spp.,horse,FALSE
Ricinus communis,cat,TRUE
Ricinus communis,dog,TRUE
Ricinus communis,horse,TRUE
Prosopis limensis,cat,FALSE
Prosopis limensis,dog,FALSE
Prosopis limensis,horse,FALSE
Alocasia spp.,cat,TRUE
Alocasia spp.,dog,TRUE
Alocasia spp.,horse,TRUE
Aloe vera,cat,TRUE
Aloe vera,dog,TRUE
Aloe vera,horse,TRUE
Trifolium hybridum,cat,TRUE
Trifolium hybridum,dog,TRUE
Trifolium hybridum,horse,TRUE
Pilea cadieri,cat,FALSE
Pilea cadieri,dog,FALSE
Pilea cadieri,horse,TRUE
Heuchera sanguinea,cat,FALSE
Heuchera sanguinea,dog,FALSE
Heuchera sanguinea,horse,FALSE
Alyssum spp.,cat,FALSE
Alyssum spp.,dog,FALSE
Alyssum spp.,horse,FALSE
Amaryllis sp.,cat,TRUE
Amaryllis sp.,dog,TRUE
Amaryllis sp.,horse,TRUE
Chenopodium botrys,cat,TRUE
Chenopodium botrys,dog,TRUE
Chenopodium botrys,horse,TRUE
Celastrus scandens,cat,TRUE
Celastrus scandens,dog,TRUE
Celastrus scandens,horse,TRUE
Ilex opaca,cat,TRUE
Ilex opaca,dog,TRUE
Ilex opaca,horse,TRUE
Podophyllum peltatum,cat,TRUE
Podophyllum peltatum,dog,TRUE
Podophyllum peltatum,horse,TRUE
Podophyllum peltatum,cat,TRUE
Podophyllum peltatum,dog,TRUE
Podophyllum peltatum,horse,TRUE
Peperomia obtusifolia,cat,FALSE
Peperomia obtusifolia,dog,FALSE
Peperomia obtusifolia,horse,TRUE
Taxus canidensus,cat,TRUE
Taxus canidensus,dog,TRUE
Taxus canidensus,horse,TRUE
Acer ginnala,cat,FALSE
Acer ginnala,dog,FALSE
Acer ginnala,horse,TRUE
Pieris japonica,cat,TRUE
Pieris japonica,dog,TRUE
Pieris japonica,horse,TRUE
Aralia spinosa,cat,TRUE
Aralia spinosa,dog,TRUE
Aralia spinosa,horse,TRUE
Chlorophytum comosum,cat,FALSE
Chlorophytum comosum,dog,FALSE
Chlorophytum comosum,horse,TRUE
Antirrhinum multiflorum,cat,FALSE
Antirrhinum multiflorum,dog,FALSE
Antirrhinum multiflorum,horse,FALSE
Antirrhinum glandulosum,cat,FALSE
Antirrhinum glandulosum,dog,FALSE
Antirrhinum glandulosum,horse,FALSE
Malus sylvestrus,cat,TRUE
Malus sylvestrus,dog,TRUE
Malus sylvestrus,horse,TRUE
Prunus armeniaca,cat,TRUE
Prunus armeniaca,dog,TRUE
Prunus armeniaca,horse,TRUE
Exacum affine,cat,FALSE
Exacum affine,dog,FALSE
Exacum affine,horse,TRUE
Dypsis lutescens,cat,FALSE
Dypsis lutescens,dog,FALSE
Dypsis lutescens,horse,TRUE
Neoregalia spp.,cat,FALSE
Neoregalia spp.,dog,FALSE
Neoregalia spp.,horse,TRUE
Syngonium podophyllum,cat,TRUE
Syngonium podophyllum,dog,TRUE
Syngonium podophyllum,horse,TRUE
Pilea microphylla,cat,FALSE
Pilea microphylla,dog,FALSE
Pilea microphylla,horse,FALSE
Arum maculatum,cat,TRUE
Arum maculatum,dog,TRUE
Arum maculatum,horse,TRUE
Zantedeschia aethiopica,cat,TRUE
Zantedeschia aethiopica,dog,TRUE
Zantedeschia aethiopica,horse,TRUE
Lilium asiatica,cat,TRUE
Lilium asiatica,dog,TRUE
Lilium asiatica,horse,TRUE
Asparagus densiflorus cv sprengeri,cat,TRUE
Asparagus densiflorus cv sprengeri,dog,TRUE
Asparagus densiflorus cv sprengeri,horse,TRUE
Cyrtomium falcatum,cat,FALSE
Cyrtomium falcatum,dog,FALSE
Cyrtomium falcatum,horse,TRUE
Brassaia actinophylla,cat,TRUE
Brassaia actinophylla,dog,TRUE
Brassaia actinophylla,horse,TRUE
Macadamia integrifolia,cat,TRUE
Macadamia integrifolia,dog,TRUE
Macadamia integrifolia,horse,TRUE
Araucaria heterophylla,cat,TRUE
Araucaria heterophylla,dog,TRUE
Araucaria heterophylla,horse,TRUE
Colchicum autumnale,cat,TRUE
Colchicum autumnale,dog,TRUE
Colchicum autumnale,horse,TRUE
Elaeagnus sp.,cat,FALSE
Elaeagnus sp.,dog,FALSE
Elaeagnus sp.,horse,FALSE
Persea americana,cat,TRUE
Persea americana,dog,TRUE
Persea americana,horse,TRUE
Rhododendron spp,cat,TRUE
Rhododendron spp,dog,TRUE
Rhododendron spp,horse,TRUE
Cordyline terminalis,cat,TRUE
Cordyline terminalis,dog,TRUE
Cordyline terminalis,horse,TRUE
Peperomia obtusifolia,cat,FALSE
Peperomia obtusifolia,dog,FALSE
Peperomia obtusifolia,horse,TRUE
Gypsophila elegans,cat,TRUE
Gypsophila elegans,dog,TRUE
Gypsophila elegans,horse,TRUE
Hypoestes phyllostachya,cat,FALSE
Hypoestes phyllostachya,dog,FALSE
Hypoestes phyllostachya,horse,FALSE
Centaurea cyanus,cat,FALSE
Centaurea cyanus,dog,FALSE
Centaurea cyanus,horse,TRUE
Davallia spp.,cat,FALSE
Davallia spp.,dog,FALSE
Davallia spp.,horse,TRUE
Phyllostachys aurea,cat,FALSE
Phyllostachys aurea,dog,FALSE
Phyllostachys aurea,horse,FALSE
Chamaedorea elegans,cat,FALSE
Chamaedorea elegans,dog,FALSE
Chamaedorea elegans,horse,TRUE
Smilax laurifolia,cat,FALSE
Smilax laurifolia,dog,FALSE
Smilax laurifolia,horse,FALSE
Musa acuminata,cat,FALSE
Musa acuminata,dog,FALSE
Musa acuminata,horse,FALSE
Cucurbita maxima var. banana,cat,FALSE
Cucurbita maxima var. banana,dog,FALSE
Cucurbita maxima var. banana,horse,FALSE
Aloe barbadensis,cat,TRUE
Aloe barbadensis,dog,TRUE
Aloe barbadensis,horse,TRUE
Hippeastrum spp.,cat,TRUE
Hippeastrum spp.,dog,TRUE
Hippeastrum spp.,horse,TRUE
Caesalpinia pulcherrima,cat,TRUE
Caesalpinia pulcherrima,dog,TRUE
Caesalpinia pulcherrima,horse,TRUE
Poinciana gilliesii,cat,TRUE
Poinciana gilliesii,dog,TRUE
Poinciana gilliesii,horse,TRUE
Gerbera jamesonii,cat,FALSE
Gerbera jamesonii,dog,FALSE
Gerbera jamesonii,horse,FALSE
Centaurea solstitialis,cat,TRUE
Centaurea solstitialis,dog,TRUE
Centaurea solstitialis,horse,TRUE
Melia azedarach,cat,TRUE
Melia azedarach,dog,TRUE
Melia azedarach,horse,TRUE
Beta vulgaris,cat,FALSE
Beta vulgaris,dog,FALSE
Beta vulgaris,horse,FALSE
Begonia spp.,cat,TRUE
Begonia spp.,dog,TRUE
Begonia spp.,horse,TRUE
Cissus dicolor,cat,FALSE
Cissus dicolor,dog,FALSE
Cissus dicolor,horse,TRUE
Pellionia daveauana,cat,FALSE
Pellionia daveauana,dog,FALSE
Pellionia daveauana,horse,TRUE
Howea belmoreana,cat,FALSE
Howea belmoreana,dog,FALSE
Howea belmoreana,horse,TRUE
Citrus Aurantium,cat,TRUE
Citrus Aurantium,dog,TRUE
Citrus Aurantium,horse,TRUE
Carya laciniosa,cat,FALSE
Carya laciniosa,dog,FALSE
Carya laciniosa,horse,FALSE
Carya laciniosa,cat,FALSE
Carya laciniosa,dog,FALSE
Carya laciniosa,horse,FALSE
Caesalpinia gilliesii,cat,TRUE
Caesalpinia gilliesii,dog,TRUE
Caesalpinia gilliesii,horse,TRUE
Poinciana gilliesii,cat,TRUE
Poinciana gilliesii,dog,TRUE
Poinciana gilliesii,horse,TRUE
Strelitzia reginae,cat,TRUE
Strelitzia reginae,dog,TRUE
Strelitzia reginae,horse,TRUE
Strelitzia reginae,cat,TRUE
Strelitzia reginae,dog,TRUE
Strelitzia reginae,horse,TRUE
Ammi majus,cat,TRUE
Ammi majus,dog,TRUE
Ammi majus,horse,TRUE
Carya aquatica,cat,FALSE
Carya aquatica,dog,FALSE
Carya aquatica,horse,FALSE
Apocynum androsaemifolium,cat,TRUE
Apocynum androsaemifolium,dog,TRUE
Apocynum androsaemifolium,horse,TRUE
Carya cordiformis,cat,FALSE
Carya cordiformis,dog,FALSE
Carya cordiformis,horse,FALSE
Arum palestinum,cat,TRUE
Arum palestinum,dog,TRUE
Arum palestinum,horse,TRUE
Viburnum lentago,cat,FALSE
Viburnum lentago,dog,FALSE
Viburnum lentago,horse,FALSE
Crataegus douglasii,cat,FALSE
Crataegus douglasii,dog,FALSE
Crataegus douglasii,horse,FALSE
Leucothoe davisiae,cat,TRUE
Leucothoe davisiae,dog,TRUE
Leucothoe davisiae,horse,TRUE
Solanum nigrum,cat,TRUE
Solanum nigrum,dog,TRUE
Solanum nigrum,horse,TRUE
Juglans nigra,cat,FALSE
Juglans nigra,dog,TRUE
Juglans nigra,horse,TRUE
Pinus ponderosa,cat,TRUE
Pinus ponderosa,dog,TRUE
Pinus ponderosa,horse,TRUE
Smilax laurifolia,cat,FALSE
Smilax laurifolia,dog,FALSE
Smilax laurifolia,horse,FALSE
Iresine herbstii,cat,FALSE
Iresine herbstii,dog,FALSE
Iresine herbstii,horse,TRUE
Epilobium angustifolium,cat,FALSE
Epilobium angustifolium,dog,FALSE
Epilobium angustifolium,horse,FALSE
Clintonia borealis,cat,FALSE
Clintonia borealis,dog,FALSE
Clintonia borealis,horse,FALSE
Felicia amelloides,cat,FALSE
Felicia amelloides,dog,FALSE
Felicia amelloides,horse,FALSE
Echeveria derenbergii,cat,FALSE
Echeveria derenbergii,dog,FALSE
Echeveria derenbergii,horse,TRUE
Arctotis stoechadifolia,cat,FALSE
Arctotis stoechadifolia,dog,FALSE
Arctotis stoechadifolia,horse,TRUE
Dichelostemma pulchellum,cat,FALSE
Dichelostemma pulchellum,dog,FALSE
Dichelostemma pulchellum,horse,FALSE
Hookera pulchella,cat,FALSE
Hookera pulchella,dog,FALSE
Hookera pulchella,horse,FALSE
Brodiaea pulchella,cat,FALSE
Brodiaea pulchella,dog,FALSE
Brodiaea pulchella,horse,FALSE
Arctotis stoechadifolia,cat,FALSE
Arctotis stoechadifolia,dog,FALSE
Arctotis stoechadifolia,horse,TRUE
Centaurea cyanus,cat,FALSE
Centaurea cyanus,dog,FALSE
Centaurea cyanus,horse,TRUE
Peperomia obtusifolia,cat,FALSE
Peperomia obtusifolia,dog,FALSE
Peperomia obtusifolia,horse,TRUE
Neoregalia spp.,cat,FALSE
Neoregalia spp.,dog,FALSE
Neoregalia spp.,horse,TRUE
Arum maculatum,cat,TRUE
Arum maculatum,dog,TRUE
Arum maculatum,horse,TRUE
Kalmia poliifolia,cat,TRUE
Kalmia poliifolia,dog,TRUE
Kalmia poliifolia,horse,TRUE
Nephrolepis biserrata,cat,FALSE
Nephrolepis biserrata,dog,FALSE
Nephrolepis biserrata,horse,FALSE
Nephrolepis exalta bostoniensis,cat,FALSE
Nephrolepis exalta bostoniensis,dog,FALSE
Nephrolepis exalta bostoniensis,horse,TRUE
Beaucarnea recurvata,cat,FALSE
Beaucarnea recurvata,dog,FALSE
Beaucarnea recurvata,horse,FALSE
Nolina tuberculata,cat,FALSE
Nolina tuberculata,dog,FALSE
Nolina tuberculata,horse,FALSE
Callistemon species,cat,FALSE
Callistemon species,dog,FALSE
Callistemon species,horse,FALSE
Buxus sp.,cat,TRUE
Buxus sp.,dog,TRUE
Buxus sp.,horse,TRUE
Pteridium aquilinum,cat,TRUE
Pteridium aquilinum,dog,TRUE
Pteridium aquilinum,horse,TRUE
Pteridium aquilinum,cat,TRUE
Pteridium aquilinum,dog,TRUE
Pteridium aquilinum,horse,TRUE
Hedera helix,cat,TRUE
Hedera helix,dog,TRUE
Hedera helix,horse,TRUE
Sophronitis,cat,FALSE
Sophronitis,dog,FALSE
Sophronitis,horse,FALSE
Poinciana gilliesii,cat,TRUE
Poinciana gilliesii,dog,TRUE
Poinciana gilliesii,horse,TRUE
Coleus ampoinicus,cat,TRUE
Coleus ampoinicus,dog,TRUE
Coleus ampoinicus,horse,TRUE
Clintonia uniflora,cat,FALSE
Clintonia uniflora,dog,FALSE
Clintonia uniflora,horse,FALSE
Smilax hispida,cat,FALSE
Smilax hispida,dog,FALSE
Smilax hispida,horse,FALSE
Dichelostemma pulchellum,cat,FALSE
Dichelostemma pulchellum,dog,FALSE
Dichelostemma pulchellum,horse,FALSE
Carya laciniosa,cat,FALSE
Carya laciniosa,dog,FALSE
Carya laciniosa,horse,FALSE
Brunfelsia species,cat,TRUE
Brunfelsia species,dog,TRUE
Brunfelsia species,horse,TRUE
Aesculus spp,cat,TRUE
Aesculus spp,dog,TRUE
Aesculus spp,horse,TRUE
Fagopyrum species,cat,TRUE
Fagopyrum species,dog,TRUE
Fagopyrum species,horse,TRUE
Podocarpus macrophylla,cat,TRUE
Podocarpus macrophylla,dog,TRUE
Podocarpus macrophylla,horse,TRUE
Pinus ponderosa,cat,TRUE
Pinus ponderosa,dog,TRUE
Pinus ponderosa,horse,TRUE
Smilax rotundifolia,cat,FALSE
Smilax rotundifolia,dog,FALSE
Smilax rotundifolia,horse,FALSE
Cucumis anguria,cat,FALSE
Cucumis anguria,dog,FALSE
Cucumis anguria,horse,FALSE
Euonymus atropurpurea,cat,TRUE
Euonymus atropurpurea,dog,TRUE
Euonymus atropurpurea,horse,TRUE
Sedum morganianum,cat,FALSE
Sedum morganianum,dog,FALSE
Sedum morganianum,horse,FALSE
Ranunculus sp.,cat,TRUE
Ranunculus sp.,dog,TRUE
Ranunculus sp.,horse,TRUE
Cucurbita maxima cv buttercup,cat,FALSE
Cucurbita maxima cv buttercup,dog,FALSE
Cucurbita maxima cv buttercup,horse,FALSE
Hedychium coronarium,cat,FALSE
Hedychium coronarium,dog,FALSE
Hedychium coronarium,horse,FALSE
Iris spruria,cat,FALSE
Iris spruria,dog,FALSE
Iris spruria,horse,TRUE
Cucurbita maxima cv butterfly,cat,FALSE
Cucurbita maxima cv butterfly,dog,FALSE
Cucurbita maxima cv butterfly,horse,FALSE
Impatiens spp.,cat,FALSE
Impatiens spp.,dog,FALSE
Impatiens spp.,horse,TRUE
Calathea insignis,cat,FALSE
Calathea insignis,dog,FALSE
Calathea insignis,horse,FALSE
Caladium hortulanum,cat,TRUE
Caladium hortulanum,dog,TRUE
Caladium hortulanum,horse,TRUE
Citrus mitis,cat,TRUE
Citrus mitis,dog,TRUE
Citrus mitis,horse,TRUE
Calathea lancifolia,cat,FALSE
Calathea lancifolia,dog,FALSE
Calathea lancifolia,horse,FALSE
Maranta insignis,cat,FALSE
Maranta insignis,dog,FALSE
Maranta insignis,horse,FALSE
Calathea insignis,cat,FALSE
Calathea insignis,dog,FALSE
Calathea insignis,horse,FALSE
Hedera helix,cat,TRUE
Hedera helix,dog,TRUE
Hedera helix,horse,TRUE
Darlingtonia californica,cat,FALSE
Darlingtonia californica,dog,FALSE
Darlingtonia californica,horse,FALSE
Zantedeschia aethiopica,cat,TRUE
Zantedeschia aethiopica,dog,TRUE
Zantedeschia aethiopica,horse,TRUE
Callistemon species,cat,FALSE
Callistemon species,dog,FALSE
Callistemon species,horse,FALSE
Callistemon citrinus,cat,FALSE
Callistemon citrinus,dog,FALSE
Callistemon citrinus,horse,FALSE
Callistemon viminalis,cat,FALSE
Callistemon viminalis,dog,FALSE
Callistemon viminalis,horse,FALSE
Calochortus nuttalli,cat,FALSE
Calochortus nuttalli,dog,FALSE
Calochortus nuttalli,horse,FALSE
Calochortus luteus,cat,FALSE
Calochortus luteus,dog,FALSE
Calochortus luteus,horse,FALSE
Camellia japonica,cat,FALSE
Camellia japonica,dog,FALSE
Camellia japonica,horse,FALSE
Tsuga canadensis,cat,FALSE
Tsuga canadensis,dog,FALSE
Tsuga canadensis,horse,FALSE
Phoenix canariensis,cat,FALSE
Phoenix canariensis,dog,FALSE
Phoenix canariensis,horse,FALSE
Plectranthus coleoides,cat,FALSE
Plectranthus coleoides,dog,FALSE
Plectranthus coleoides,horse,FALSE
Hypocyrta nummularia,cat,FALSE
Hypocyrta nummularia,dog,FALSE
Hypocyrta nummularia,horse,TRUE
"Dypsis lutescens, chrysalidocarpus lutescens (alternate scientific name)",cat,FALSE
"Dypsis lutescens, chrysalidocarpus lutescens (alternate scientific name)",dog,FALSE
"Dypsis lutescens, chrysalidocarpus lutescens (alternate scientific name)",horse,TRUE
Canna generalis,cat,FALSE
Canna generalis,dog,FALSE
Canna generalis,horse,TRUE
Gloxinia perennis,cat,FALSE
Gloxinia perennis,dog,FALSE
Gloxinia perennis,horse,FALSE
Gardenia jasminoides,cat,TRUE
Gardenia jasminoides,dog,TRUE
Gardenia jasminoides,horse,TRUE
Dimorphotheca pluvialis,cat,FALSE
Dimorphotheca pluvialis,dog,FALSE
Dimorphotheca pluvialis,horse,FALSE
Streptocarpus spp.,cat,FALSE
Streptocarpus spp.,dog,FALSE
Streptocarpus spp.,horse,FALSE
Zamia furfuracea,cat,TRUE
Zamia furfuracea,dog,TRUE
Zamia furfuracea,horse,TRUE
Lobelia cardinalis,cat,TRUE
Lobelia cardinalis,dog,TRUE
Lobelia cardinalis,horse,TRUE
Dianthus caryophyllus,cat,TRUE
Dianthus caryophyllus,dog,TRUE
Dianthus caryophyllus,horse,TRUE
Ceratonia siliqua,cat,FALSE
Ceratonia siliqua,dog,FALSE
Ceratonia siliqua,horse,FALSE
Jacaranda procera,cat,FALSE
Jacaranda procera,dog,FALSE
Jacaranda procera,horse,FALSE
Tsuga caroliniana,cat,FALSE
Tsuga caroliniana,dog,FALSE
Tsuga caroliniana,horse,FALSE
Acer rubrum,cat,TRUE
Acer rubrum,dog,TRUE
Acer rubrum,horse,TRUE
Smilax herbacea,cat,FALSE
Smilax herbacea,dog,FALSE
Smilax herbacea,horse,FALSE
Stapelia hirsata,cat,FALSE
Stapelia hirsata,dog,FALSE
Stapelia hirsata,horse,FALSE
Onychium japonica,cat,FALSE
Onychium japonica,dog,FALSE
Onychium japonica,horse,TRUE
Daucus carota var. sativa,cat,FALSE
Daucus carota var. sativa,dog,FALSE
Daucus carota var. sativa,horse,FALSE
Cucumis melo,cat,FALSE
Cucumis melo,dog,FALSE
Cucumis melo,horse,FALSE
Aspidistra elatior,cat,FALSE
Aspidistra elatior,dog,FALSE
Aspidistra elatior,horse,TRUE
Ricinus communis,cat,TRUE
Ricinus communis,dog,TRUE
Ricinus communis,horse,TRUE
Smilax glabra,cat,FALSE
Smilax glabra,dog,FALSE
Smilax glabra,horse,FALSE
Calochortus nuttalli; Calochortus luteus,cat,FALSE
Calochortus nuttalli; Calochortus luteus,dog,FALSE
Calochortus nuttalli; Calochortus luteus,horse,FALSE
Hypochaeris radicata,cat,TRUE
Hypochaeris radicata,dog,TRUE
Hypochaeris radicata,horse,TRUE
Cattleya labiata,cat,FALSE
Cattleya labiata,dog,FALSE
Cattleya labiata,horse,TRUE
Celosia globosa,cat,FALSE
Celosia globosa,dog,FALSE
Celosia globosa,horse,FALSE
Celosia plumosa,cat,FALSE
Celosia plumosa,dog,FALSE
Celosia plumosa,horse,FALSE
Celosia spicata,cat,FALSE
Celosia spicata,dog,FALSE
Celosia spicata,horse,FALSE
Monstera deliciosa,cat,TRUE
Monstera deliciosa,dog,TRUE
Monstera deliciosa,horse,TRUE
Chamaedorea elegans,cat,FALSE
Chamaedorea elegans,dog,FALSE
Chamaedorea elegans,horse,TRUE
Anthemis nobilis,cat,TRUE
Anthemis nobilis,dog,TRUE
Anthemis nobilis,horse,TRUE
Kalanchoe tubiflora,cat,TRUE
Kalanchoe tubiflora,dog,TRUE
Kalanchoe tubiflora,horse,TRUE
Larrea tridentata,cat,FALSE
Larrea tridentata,dog,FALSE
Larrea tridentata,horse,FALSE
Brassica kaber,cat,TRUE
Brassica kaber,dog,TRUE
Brassica kaber,horse,TRUE
Dieffenbachia amoena,cat,TRUE
Dieffenbachia amoena,dog,TRUE
Dieffenbachia amoena,horse,TRUE
Acalypha hispida,cat,FALSE
Acalypha hispida,dog,FALSE
Acalypha hispida,horse,TRUE
Prunus species,cat,TRUE
Prunus species,dog,TRUE
Prunus species,horse,TRUE
Castanea dentata,cat,FALSE
Castanea dentata,dog,FALSE
Castanea dentata,horse,FALSE
Iresine herbstii,cat,FALSE
Iresine herbstii,dog,FALSE
Iresine herbstii,horse,TRUE
Echeveria elegans,cat,FALSE
Echeveria elegans,dog,FALSE
Echeveria elegans,horse,FALSE
Smilax glabra,cat,FALSE
Smilax glabra,dog,FALSE
Smilax glabra,horse,FALSE
Callistephus chinensis,cat,FALSE
Callistephus chinensis,dog,FALSE
Callistephus chinensis,horse,TRUE
Smilax glabra,cat,FALSE
Smilax glabra,dog,FALSE
Smilax glabra,horse,FALSE
Melia azedarach,cat,TRUE
Melia azedarach,dog,TRUE
Melia azedarach,horse,TRUE
Aglaonema modestrum,cat,TRUE
Aglaonema modestrum,dog,TRUE
Aglaonema modestrum,horse,TRUE
Crassula arborescens,cat,TRUE
Crassula arborescens,dog,TRUE
Crassula arborescens,horse,TRUE
Ceratostigma willmottianum,cat,FALSE
Ceratostigma willmottianum,dog,FALSE
Ceratostigma willmottianum,horse,FALSE
Anthericum comosum,cat,FALSE
Anthericum comosum,dog,FALSE
Anthericum comosum,horse,TRUE
Chlorophytum bichetti,cat,FALSE
Chlorophytum bichetti,dog,FALSE
Chlorophytum bichetti,horse,TRUE
Episcia dianthiflora,cat,FALSE
Episcia dianthiflora,dog,FALSE
Episcia dianthiflora,horse,TRUE
Schlumbergera bridgesii,cat,FALSE
Schlumbergera bridgesii,dog,FALSE
Schlumbergera bridgesii,horse,TRUE
Polystichum acrostichoides,cat,FALSE
Polystichum acrostichoides,dog,FALSE
Polystichum acrostichoides,horse,TRUE
Cattleya trianaei,cat,FALSE
Cattleya trianaei,dog,FALSE
Cattleya trianaei,horse,TRUE
Veitchia merrillii,cat,FALSE
Veitchia merrillii,dog,FALSE
Veitchia merrillii,horse,TRUE
Helleborus niger,cat,TRUE
Helleborus niger,dog,TRUE
Helleborus niger,horse,TRUE
Chrysanthemum spp.,cat,TRUE
Chrysanthemum spp.,dog,TRUE
Chrysanthemum spp.,horse,TRUE
Cinnamonium,cat,FALSE
Cinnamonium,dog,FALSE
Cinnamonium,horse,FALSE
Potentilla spp.,cat,FALSE
Potentilla spp.,dog,FALSE
Potentilla spp.,horse,FALSE
Bulbophyllum appendiculatum,cat,FALSE
Bulbophyllum appendiculatum,dog,FALSE
Bulbophyllum appendiculatum,horse,TRUE
Pilea pumila,cat,FALSE
Pilea pumila,dog,FALSE
Pilea pumila,horse,FALSE
Clematis sp.,cat,TRUE
Clematis sp.,dog,TRUE
Clematis sp.,horse,TRUE
Pellaea rotundifolia,cat,FALSE
Pellaea rotundifolia,dog,FALSE
Pellaea rotundifolia,horse,FALSE
Celastrus scandens,cat,TRUE
Celastrus scandens,dog,TRUE
Celastrus scandens,horse,TRUE
Gloriosa superba,cat,TRUE
Gloriosa superba,dog,TRUE
Gloriosa superba,horse,TRUE
Solanum dulcamara,cat,TRUE
Solanum dulcamara,dog,TRUE
Solanum dulcamara,horse,TRUE
Clivia sp.,cat,TRUE
Clivia sp.,dog,TRUE
Clivia sp.,horse,TRUE
Selaginella kraussiana,cat,FALSE
Selaginella kraussiana,dog,FALSE
Selaginella kraussiana,horse,FALSE
Amaranthus hypochondriacus,cat,FALSE
Amaranthus hypochondriacus,dog,FALSE
Amaranthus hypochondriacus,horse,FALSE
Cattleya forbesii,cat,FALSE
Cattleya forbesii,dog,FALSE
Cattleya forbesii,horse,TRUE
Polyscias guilfoylei,cat,TRUE
Polyscias guilfoylei,dog,TRUE
Polyscias guilfoylei,horse,TRUE
Coleus ampoinicus,cat,TRUE
Coleus ampoinicus,dog,TRUE
Coleus ampoinicus,horse,TRUE
Chamaedorea elegans,cat,FALSE
Chamaedorea elegans,dog,FALSE
Chamaedorea elegans,horse,TRUE
Camellia japonica; Thea japonica,cat,FALSE
Camellia japonica; Thea japonica,dog,FALSE
Camellia japonica; Thea japonica,horse,FALSE
Smilax rotundifolia,cat,FALSE
Smilax rotundifolia,dog,FALSE
Smilax rotundifolia,horse,FALSE
Canna generalis,cat,FALSE
Canna generalis,dog,FALSE
Canna generalis,horse,TRUE
Smilax rotundifolia,cat,FALSE
Smilax rotundifolia,dog,FALSE
Smilax rotundifolia,horse,FALSE
Ligustrum vulgare,cat,TRUE
Ligustrum vulgare,dog,TRUE
Ligustrum vulgare,horse,TRUE
Antirrhinum majus,cat,FALSE
Antirrhinum majus,dog,FALSE
Antirrhinum majus,horse,FALSE
Platycerium bifurcatum,cat,FALSE
Platycerium bifurcatum,dog,FALSE
Platycerium bifurcatum,horse,FALSE
Trachelospermum jasminoides,cat,FALSE
Trachelospermum jasminoides,dog,FALSE
Trachelospermum jasminoides,horse,FALSE
Pilea pumila,cat,FALSE
Pilea pumila,dog,FALSE
Pilea pumila,horse,FALSE
Zamia pumila,cat,TRUE
Zamia pumila,dog,TRUE
Zamia pumila,horse,TRUE
Echeveria multicaulis,cat,FALSE
Echeveria multicaulis,dog,FALSE
Echeveria multicaulis,horse,TRUE
Acalypha godseffiana,cat,FALSE
Acalypha godseffiana,dog,FALSE
Acalypha godseffiana,horse,TRUE
Heuchera sanguinea,cat,FALSE
Heuchera sanguinea,dog,FALSE
Heuchera sanguinea,horse,FALSE
Philodendron oxycardium,cat,TRUE
Philodendron oxycardium,dog,TRUE
Philodendron oxycardium,horse,TRUE
Coreopsis,cat,FALSE
Coreopsis,dog,FALSE
Coreopsis,horse,FALSE
Dracaena fragrans,cat,TRUE
Dracaena fragrans,dog,TRUE
Dracaena fragrans,horse,TRUE
Centaurea cyanus,cat,FALSE
Centaurea cyanus,dog,FALSE
Centaurea cyanus,horse,TRUE
Dracaena fragrans,cat,TRUE
Dracaena fragrans,dog,TRUE
Dracaena fragrans,horse,TRUE
Heracleum maximum,cat,TRUE
Heracleum maximum,dog,TRUE
Heracleum maximum,horse,TRUE
Cicuta species,cat,TRUE
Cicuta species,dog,TRUE
Cicuta species,horse,TRUE
Lagerstroemia indica,cat,FALSE
Lagerstroemia indica,dog,FALSE
Lagerstroemia indica,horse,FALSE
Pilea nummulariifolia,cat,FALSE
Pilea nummulariifolia,dog,FALSE
Pilea nummulariifolia,horse,FALSE
Asarina erubescens,cat,FALSE
Asarina erubescens,dog,FALSE
Asarina erubescens,horse,FALSE
Mahonia aquifolium,cat,FALSE
Mahonia aquifolium,dog,FALSE
Mahonia aquifolium,horse,FALSE
Pilea nummulariifolia,cat,FALSE
Pilea nummulariifolia,dog,FALSE
Pilea nummulariifolia,horse,FALSE
Rubus pedatus,cat,FALSE
Rubus pedatus,dog,FALSE
Rubus pedatus,horse,FALSE
Sanvitalia species,cat,FALSE
Sanvitalia species,dog,FALSE
Sanvitalia species,horse,FALSE
Lagerstroemia indica,cat,FALSE
Lagerstroemia indica,dog,FALSE
Lagerstroemia indica,horse,FALSE
Callistemon species,cat,FALSE
Callistemon species,dog,FALSE
Callistemon species,horse,FALSE
Neoregalia spp.,cat,FALSE
Neoregalia spp.,dog,FALSE
Neoregalia spp.,horse,TRUE
Nephrolepis biserrata,cat,FALSE
Nephrolepis biserrata,dog,FALSE
Nephrolepis biserrata,horse,FALSE
Crossandra species,cat,FALSE
Crossandra species,dog,FALSE
Crossandra species,horse,FALSE
Arum maculatum,cat,TRUE
Arum maculatum,dog,TRUE
Arum maculatum,horse,TRUE
Cucumis sativa,cat,FALSE
Cucumis sativa,dog,FALSE
Cucumis sativa,horse,FALSE
Selaginella kraussiana,cat,FALSE
Selaginella kraussiana,dog,FALSE
Selaginella kraussiana,horse,FALSE
Aloe retusa,cat,FALSE
Aloe retusa,dog,FALSE
Aloe retusa,horse,FALSE
Monstera deliciosa,cat,TRUE
Monstera deliciosa,dog,TRUE
Monstera deliciosa,horse,TRUE
Cycas and Zamia species,cat,TRUE
Cycas and Zamia species,dog,TRUE
Cycas and Zamia species,horse,TRUE
Cyclamen spp,cat,TRUE
Cyclamen spp,dog,TRUE
Cyclamen spp,horse,TRUE
Episcia reptans,cat,FALSE
Episcia reptans,dog,FALSE
Episcia reptans,horse,TRUE
Narcissus spp,cat,TRUE
Narcissus spp,dog,TRUE
Narcissus spp,horse,TRUE
Dahlia species,cat,TRUE
Dahlia species,dog,TRUE
Dahlia species,horse,TRUE
Davallia fejeensis,cat,FALSE
Davallia fejeensis,dog,FALSE
Davallia fejeensis,horse,FALSE
Chrysanthemum species,cat,TRUE
Chrysanthemum species,dog,TRUE
Chrysanthemum species,horse,TRUE
Nephrolepis biserrata,cat,FALSE
Nephrolepis biserrata,dog,FALSE
Nephrolepis biserrata,horse,FALSE
Oncidium flexuosum,cat,FALSE
Oncidium flexuosum,dog,FALSE
Oncidium flexuosum,horse,TRUE
Hemerocallis spp.,cat,TRUE
Hemerocallis spp.,dog,FALSE
Hemerocallis spp.,horse,TRUE
Solanum spp,cat,TRUE
Solanum spp,dog,TRUE
Solanum spp,horse,TRUE
Adenium obesum,cat,TRUE
Adenium obesum,dog,TRUE
Adenium obesum,horse,TRUE
Adenium obesum,cat,TRUE
Adenium obesum,dog,TRUE
Adenium obesum,horse,TRUE
Eriogonium inflatum,cat,FALSE
Eriogonium inflatum,dog,FALSE
Eriogonium inflatum,horse,FALSE
Kalanchoe tubiflora,cat,TRUE
Kalanchoe tubiflora,dog,TRUE
Kalanchoe tubiflora,horse,TRUE
Epipremnum aureum,cat,TRUE
Epipremnum aureum,dog,TRUE
Epipremnum aureum,horse,TRUE
Dichelostemma species,cat,FALSE
Dichelostemma species,dog,FALSE
Dichelostemma species,horse,FALSE
Dichorisandra reginae,cat,FALSE
Dichorisandra reginae,dog,FALSE
Dichorisandra reginae,horse,TRUE
Dieffenbachia,cat,TRUE
Dieffenbachia,dog,TRUE
Dieffenbachia,horse,TRUE
Dinteranthus,cat,FALSE
Dinteranthus,dog,FALSE
Dinteranthus,horse,TRUE
Rumex sp.,cat,TRUE
Rumex sp.,dog,TRUE
Rumex sp.,horse,TRUE
Achillea millefolium,cat,TRUE
Achillea millefolium,dog,TRUE
Achillea millefolium,horse,TRUE
Leucothoe sp.,cat,TRUE
Leucothoe sp.,dog,TRUE
Leucothoe sp.,horse,TRUE
Apocynum,cat,TRUE
Apocynum,dog,TRUE
Apocynum,horse,TRUE
Dracaena spp.,cat,TRUE
Dracaena spp.,dog,TRUE
Dracaena spp.,horse,TRUE
Nephrolepsis cordifolia 'duffii',cat,FALSE
Nephrolepsis cordifolia 'duffii',dog,FALSE
Nephrolepsis cordifolia 'duffii',horse,TRUE
Dieffenbachia,cat,TRUE
Dieffenbachia,dog,TRUE
Dieffenbachia,horse,TRUE
Phoenix acaulis,cat,FALSE
Phoenix acaulis,dog,FALSE
Phoenix acaulis,horse,TRUE
Nephrolepis exaltata,cat,FALSE
Nephrolepis exaltata,dog,FALSE
Nephrolepis exaltata,horse,TRUE
Chamaedorea elegans,cat,FALSE
Chamaedorea elegans,dog,FALSE
Chamaedorea elegans,horse,TRUE
Caesalpinia pulcherrima,cat,TRUE
Caesalpinia pulcherrima,dog,TRUE
Caesalpinia pulcherrima,horse,TRUE
Cryptanthus bivattus minor,cat,FALSE
Cryptanthus bivattus minor,dog,FALSE
Cryptanthus bivattus minor,horse,TRUE
Veitchia merillii,cat,FALSE
Veitchia merillii,dog,FALSE
Veitchia merillii,horse,TRUE
Nephrolepsis cordifolia plumosa,cat,FALSE
Nephrolepsis cordifolia plumosa,dog,FALSE
Nephrolepsis cordifolia plumosa,horse,TRUE
Cryptanthus bivattus minor,cat,FALSE
Cryptanthus bivattus minor,dog,FALSE
Cryptanthus bivattus minor,horse,TRUE
Cattleya mossiae,cat,FALSE
Cattleya mossiae,dog,FALSE
Cattleya mossiae,horse,TRUE
Townsendia sevicea,cat,FALSE
Townsendia sevicea,dog,FALSE
Townsendia sevicea,horse,FALSE
Lilium longiflorum,cat,TRUE
Lilium longiflorum,dog,FALSE
Lilium longiflorum,horse,FALSE
Echinopsis multiplex,cat,FALSE
Echinopsis multiplex,dog,FALSE
Echinopsis multiplex,horse,TRUE
Cattleya mossiae,cat,FALSE
Cattleya mossiae,dog,FALSE
Cattleya mossiae,horse,TRUE
Helleborus niger,cat,TRUE
Helleborus niger,dog,TRUE
Helleborus niger,horse,TRUE
Dianthus,cat,TRUE
Dianthus,dog,TRUE
Dianthus,horse,TRUE
Musa acuminata,cat,FALSE
Musa acuminata,dog,FALSE
Musa acuminata,horse,FALSE
Caladium hortulanum,cat,TRUE
Caladium hortulanum,dog,TRUE
Caladium hortulanum,horse,TRUE
Colocasia esculenta,cat,TRUE
Colocasia esculenta,dog,TRUE
Colocasia esculenta,horse,TRUE
Begonia scharfii,cat,FALSE
Begonia scharfii,dog,FALSE
Begonia scharfii,horse,TRUE
Asparagus densiflorus,cat,TRUE
Asparagus densiflorus,dog,TRUE
Asparagus densiflorus,horse,TRUE
Peperomia caperata,cat,FALSE
Peperomia caperata,dog,FALSE
Peperomia caperata,horse,TRUE
Crataegus laevigata,cat,FALSE
Crataegus laevigata,dog,FALSE
Crataegus laevigata,horse,FALSE
Ilex aquifolium,cat,TRUE
Ilex aquifolium,dog,TRUE
Ilex aquifolium,horse,TRUE
Hedera helix,cat,TRUE
Hedera helix,dog,TRUE
Hedera helix,horse,TRUE
Taxus baccata,cat,TRUE
Taxus baccata,dog,TRUE
Taxus baccata,horse,TRUE
Episcia dianthiflora,cat,FALSE
Episcia dianthiflora,dog,FALSE
Episcia dianthiflora,horse,TRUE
Eucalyptus species,cat,TRUE
Eucalyptus species,dog,TRUE
Eucalyptus species,horse,TRUE
Solanum dulcamara,cat,TRUE
Solanum dulcamara,dog,TRUE
Solanum dulcamara,horse,TRUE
Ilex aquifolium,cat,TRUE
Ilex aquifolium,dog,TRUE
Ilex aquifolium,horse,TRUE
Lathyrus latifolius,cat,TRUE
Lathyrus latifolius,dog,TRUE
Lathyrus latifolius,horse,TRUE
Dieffenbachia amoena,cat,TRUE
Dieffenbachia amoena,dog,TRUE
Dieffenbachia amoena,horse,TRUE
Celosia cristata,cat,FALSE
Celosia cristata,dog,FALSE
Celosia cristata,horse,TRUE
Dizygotheca elegantissima,cat,FALSE
Dizygotheca elegantissima,dog,FALSE
Dizygotheca elegantissima,horse,TRUE
Celastrus scandens,cat,TRUE
Celastrus scandens,dog,TRUE
Celastrus scandens,horse,TRUE
Ammi majus,cat,TRUE
Ammi majus,dog,TRUE
Ammi majus,horse,TRUE
Rhapis flabelliformis,cat,FALSE
Rhapis flabelliformis,dog,FALSE
Rhapis flabelliformis,horse,TRUE
Ambrosia mexicana,cat,TRUE
Ambrosia mexicana,dog,TRUE
Ambrosia mexicana,horse,TRUE
Nephrolepis exaltata,cat,FALSE
Nephrolepis exaltata,dog,FALSE
Nephrolepis exaltata,horse,TRUE
Cycas species,cat,TRUE
Cycas species,dog,TRUE
Cycas species,horse,TRUE
Leucothoe sp.,cat,TRUE
Leucothoe sp.,dog,TRUE
Leucothoe sp.,horse,TRUE
Lyonia sp.,cat,TRUE
Lyonia sp.,dog,TRUE
Lyonia sp.,horse,TRUE
Philodendron bipennifolium,cat,TRUE
Philodendron bipennifolium,dog,TRUE
Philodendron bipennifolium,horse,TRUE
Amsinckia species,cat,TRUE
Amsinckia species,dog,TRUE
Amsinckia species,horse,TRUE
Equisetum arvense,cat,TRUE
Equisetum arvense,dog,TRUE
Equisetum arvense,horse,TRUE
Thlaspi arvense,cat,TRUE
Thlaspi arvense,dog,TRUE
Thlaspi arvense,horse,TRUE
Epidendrum ibaguense,cat,FALSE
Epidendrum ibaguense,dog,FALSE
Epidendrum ibaguense,horse,TRUE
Ficus benjamina,cat,TRUE
Ficus benjamina,dog,TRUE
Ficus benjamina,horse,TRUE
Cucurbita ficifolia,cat,FALSE
Cucurbita ficifolia,dog,FALSE
Cucurbita ficifolia,horse,FALSE
Fatsia japonica,cat,FALSE
Fatsia japonica,dog,FALSE
Fatsia japonica,horse,FALSE
Ranunculus acris,cat,TRUE
Ranunculus acris,dog,TRUE
Ranunculus acris,horse,TRUE
Neoregelia spectabilis,cat,FALSE
Neoregelia spectabilis,dog,FALSE
Neoregelia spectabilis,horse,TRUE
Hippeastrum spp.,cat,TRUE
Hippeastrum spp.,dog,TRUE
Hippeastrum spp.,horse,TRUE
Epilobium angustifolium,cat,FALSE
Epilobium angustifolium,dog,FALSE
Epilobium angustifolium,horse,FALSE
Cyrtomium falcatum,cat,FALSE
Cyrtomium falcatum,dog,FALSE
Cyrtomium falcatum,horse,TRUE
Iris species,cat,TRUE
Iris species,dog,TRUE
Iris species,horse,TRUE
Episcia reptans,cat,FALSE
Episcia reptans,dog,FALSE
Episcia reptans,horse,TRUE
Ixora coccinea,cat,FALSE
Ixora coccinea,dog,FALSE
Ixora coccinea,horse,TRUE
Anthurium scherzeranum,cat,TRUE
Anthurium scherzeranum,dog,TRUE
Anthurium scherzeranum,horse,TRUE
Erigeron speciosus,cat,TRUE
Erigeron speciosus,dog,TRUE
Erigeron speciosus,horse,TRUE
Dracaena surculosa,cat,TRUE
Dracaena surculosa,dog,TRUE
Dracaena surculosa,horse,TRUE
Epidendrum tampense,cat,FALSE
Epidendrum tampense,dog,FALSE
Epidendrum tampense,horse,TRUE
Encyclia tampensis,cat,FALSE
Encyclia tampensis,dog,FALSE
Encyclia tampensis,horse,TRUE
Zantedeschia aethiopica,cat,TRUE
Zantedeschia aethiopica,dog,TRUE
Zantedeschia aethiopica,horse,TRUE
Nephrolepsis exalta,cat,FALSE
Nephrolepsis exalta,dog,FALSE
Nephrolepsis exalta,horse,TRUE
Howea forsteriana,cat,FALSE
Howea forsteriana,dog,FALSE
Howea forsteriana,horse,TRUE
Trachycarpus fortunei,cat,FALSE
Trachycarpus fortunei,dog,FALSE
Trachycarpus fortunei,horse,FALSE
Digitalis purpurea,cat,TRUE
Digitalis purpurea,dog,TRUE
Digitalis purpurea,horse,TRUE
Brunfelsia species,cat,TRUE
Brunfelsia species,dog,TRUE
Brunfelsia species,horse,TRUE
Hypoestes phyllostachya,cat,FALSE
Hypoestes phyllostachya,dog,FALSE
Hypoestes phyllostachya,horse,FALSE
Pilea involucrata,cat,FALSE
Pilea involucrata,dog,FALSE
Pilea involucrata,horse,TRUE
Zantedeschia aethiopica,cat,TRUE
Zantedeschia aethiopica,dog,TRUE
Zantedeschia aethiopica,horse,TRUE
Anthemis nobilis,cat,TRUE
Anthemis nobilis,dog,TRUE
Anthemis nobilis,horse,TRUE
Hyacinthus orientalis,cat,TRUE
Hyacinthus orientalis,dog,TRUE
Hyacinthus orientalis,horse,TRUE
Calendula officinalis,cat,FALSE
Calendula officinalis,dog,FALSE
Calendula officinalis,horse,TRUE
Antirrhinum majus,cat,FALSE
Antirrhinum majus,dog,FALSE
Antirrhinum majus,horse,TRUE
Gardenia jasminoides,cat,TRUE
Gardenia jasminoides,dog,TRUE
Gardenia jasminoides,horse,TRUE
Allium sativum,cat,TRUE
Allium sativum,dog,TRUE
Allium sativum,horse,TRUE
Pelargonium species,cat,TRUE
Pelargonium species,dog,TRUE
Pelargonium species,horse,TRUE
Polyscias guilfoylei,cat,TRUE
Polyscias guilfoylei,dog,TRUE
Polyscias guilfoylei,horse,TRUE
Gerbera jamesonii,cat,FALSE
Gerbera jamesonii,dog,FALSE
Gerbera jamesonii,horse,FALSE
Exacum affine,cat,FALSE
Exacum affine,dog,FALSE
Exacum affine,horse,TRUE
Cucumis sativus,cat,FALSE
Cucumis sativus,dog,FALSE
Cucumis sativus,horse,FALSE
Polyrrhiza lindenii,cat,FALSE
Polyrrhiza lindenii,dog,FALSE
Polyrrhiza lindenii,horse,TRUE
Secum weinbergii,cat,FALSE
Secum weinbergii,dog,FALSE
Secum weinbergii,horse,TRUE
Townsendia sericea,cat,FALSE
Townsendia sericea,dog,FALSE
Townsendia sericea,horse,FALSE
Cordyline australis,cat,TRUE
Cordyline australis,dog,TRUE
Cordyline australis,horse,TRUE
Dieffenbachia amoena,cat,TRUE
Dieffenbachia amoena,dog,TRUE
Dieffenbachia amoena,horse,TRUE
Heracleum maximum,cat,TRUE
Heracleum maximum,dog,TRUE
Heracleum maximum,horse,TRUE
Ploystichum munitum,cat,FALSE
Ploystichum munitum,dog,FALSE
Ploystichum munitum,horse,FALSE
Impatiens spp.,cat,FALSE
Impatiens spp.,dog,FALSE
Impatiens spp.,horse,TRUE
Albiflora,cat,FALSE
Albiflora,dog,FALSE
Albiflora,horse,FALSE
Tradescantia multiflora,cat,FALSE
Tradescantia multiflora,dog,FALSE
Tradescantia multiflora,horse,TRUE
Hedera helix,cat,TRUE
Hedera helix,dog,TRUE
Hedera helix,horse,TRUE
Gladiolus species,cat,TRUE
Gladiolus species,dog,TRUE
Gladiolus species,horse,TRUE
Echinops,cat,FALSE
Echinops,dog,FALSE
Echinops,horse,FALSE
Gloriosa superba,cat,TRUE
Gloriosa superba,dog,TRUE
Gloriosa superba,horse,TRUE
Sinningia speciosa,cat,FALSE
Sinningia speciosa,dog,FALSE
Sinningia speciosa,horse,FALSE
Hypericum perforatum,cat,TRUE
Hypericum perforatum,dog,TRUE
Hypericum perforatum,horse,TRUE
Calendula officinalis,cat,FALSE
Calendula officinalis,dog,FALSE
Calendula officinalis,horse,TRUE
Dieffenbachia picta,cat,TRUE
Dieffenbachia picta,dog,TRUE
Dieffenbachia picta,horse,TRUE
Dracaena surculosa,cat,TRUE
Dracaena surculosa,dog,TRUE
Dracaena surculosa,horse,TRUE
Hypocyrta nummularia,cat,FALSE
Hypocyrta nummularia,dog,FALSE
Hypocyrta nummularia,horse,TRUE
Oleaceae,cat,FALSE
Oleaceae,dog,FALSE
Oleaceae,horse,TRUE
Sansevieria trifasciata,cat,TRUE
Sansevieria trifasciata,dog,TRUE
Sansevieria trifasciata,horse,TRUE
Dypsis lutescens,cat,FALSE
Dypsis lutescens,dog,FALSE
Dypsis lutescens,horse,TRUE
Haemaria discolor,cat,FALSE
Haemaria discolor,dog,FALSE
Haemaria discolor,horse,TRUE
Epipremnum aureum,cat,TRUE
Epipremnum aureum,dog,TRUE
Epipremnum aureum,horse,TRUE
Senecio species,cat,TRUE
Senecio species,dog,TRUE
Senecio species,horse,TRUE
Oncidium sphacelatum,cat,FALSE
Oncidium sphacelatum,dog,FALSE
Oncidium sphacelatum,horse,TRUE
Chamaedorea elegans,cat,FALSE
Chamaedorea elegans,dog,FALSE
Chamaedorea elegans,horse,TRUE
Oxalis spp.,cat,TRUE
Oxalis spp.,dog,TRUE
Oxalis spp.,horse,TRUE
Muscari armeniacum,cat,FALSE
Muscari armeniacum,dog,FALSE
Muscari armeniacum,horse,TRUE
Cissus rhombifolia,cat,FALSE
Cissus rhombifolia,dog,FALSE
Cissus rhombifolia,horse,FALSE
Citrus paradisii,cat,TRUE
Citrus paradisii,dog,TRUE
Citrus paradisii,horse,TRUE
Cordyline australis,cat,TRUE
Cordyline australis,dog,TRUE
Cordyline australis,horse,TRUE
Epilobium angustifolium,cat,FALSE
Epilobium angustifolium,dog,FALSE
Epilobium angustifolium,horse,FALSE
Ammi majus,cat,TRUE
Ammi majus,dog,TRUE
Ammi majus,horse,TRUE
Syngonium podophyllum,cat,TRUE
Syngonium podophyllum,dog,TRUE
Syngonium podophyllum,horse,TRUE
Peperomia caperata,cat,FALSE
Peperomia caperata,dog,FALSE
Peperomia caperata,horse,TRUE
Smilax glabra,cat,FALSE
Smilax glabra,dog,FALSE
Smilax glabra,horse,FALSE
Anthemis nobilis,cat,TRUE
Anthemis nobilis,dog,TRUE
Anthemis nobilis,horse,TRUE
Senecio species,cat,TRUE
Senecio species,dog,TRUE
Senecio species,horse,TRUE
Smilax hispida,cat,FALSE
Smilax hispida,dog,FALSE
Smilax hispida,horse,FALSE
Hedera helix,cat,TRUE
Hedera helix,dog,TRUE
Hedera helix,horse,TRUE
Sedum album,cat,FALSE
Sedum album,dog,FALSE
Sedum album,horse,TRUE
Incarvillea,cat,FALSE
Incarvillea,dog,FALSE
Incarvillea,horse,TRUE
Davallia spp.,cat,FALSE
Davallia spp.,dog,FALSE
Davallia spp.,horse,TRUE
Cannabis sativa,cat,TRUE
Cannabis sativa,dog,TRUE
Cannabis sativa,horse,TRUE
Giant Dracaena,cat,TRUE
Giant Dracaena,dog,TRUE
Giant Dracaena,horse,TRUE
Haworthia species,cat,FALSE
Haworthia species,dog,FALSE
Haworthia species,horse,TRUE
Crataegus species,cat,FALSE
Crataegus species,dog,FALSE
Crataegus species,horse,FALSE
Crataegus species,cat,FALSE
Crataegus species,dog,FALSE
Crataegus species,horse,FALSE
Crataegus species,cat,FALSE
Crataegus species,dog,FALSE
Crataegus species,horse,FALSE
Philodendron bipennifolium,cat,TRUE
Philodendron bipennifolium,dog,TRUE
Philodendron bipennifolium,horse,TRUE
Nandina domestica,cat,TRUE
Nandina domestica,dog,TRUE
Nandina domestica,horse,TRUE
Cucumis dipsaceus,cat,FALSE
Cucumis dipsaceus,dog,FALSE
Cucumis dipsaceus,horse,FALSE
Heliotropium species,cat,TRUE
Heliotropium species,dog,TRUE
Heliotropium species,horse,TRUE
Helleborus niger,cat,TRUE
Helleborus niger,dog,TRUE
Helleborus niger,horse,TRUE
Smilax hispida,cat,FALSE
Smilax hispida,dog,FALSE
Smilax hispida,horse,FALSE
Tsuga species,cat,FALSE
Tsuga species,dog,FALSE
Tsuga species,horse,FALSE
Asplenium bulbiferum,cat,FALSE
Asplenium bulbiferum,dog,FALSE
Asplenium bulbiferum,horse,TRUE
Echeveria elegans,cat,FALSE
Echeveria elegans,dog,FALSE
Echeveria elegans,horse,FALSE
Aralia spinosa,cat,TRUE
Aralia spinosa,dog,TRUE
Aralia spinosa,horse,TRUE
Hibiscus syriacus,cat,TRUE
Hibiscus syriacus,dog,TRUE
Hibiscus syriacus,horse,TRUE
Hydrangea arborescens,cat,TRUE
Hydrangea arborescens,dog,TRUE
Hydrangea arborescens,horse,TRUE
Hoya carnosa 'krinkle kurl',cat,FALSE
Hoya carnosa 'krinkle kurl',dog,FALSE
Hoya carnosa 'krinkle kurl',horse,TRUE
Berteroa incana,cat,TRUE
Berteroa incana,dog,TRUE
Berteroa incana,horse,TRUE
Calendula officinalis,cat,FALSE
Calendula officinalis,dog,FALSE
Calendula officinalis,horse,TRUE
Ilex opaca,cat,TRUE
Ilex opaca,dog,TRUE
Ilex opaca,horse,TRUE
Cyrtomium falcatum,cat,FALSE
Cyrtomium falcatum,dog,FALSE
Cyrtomium falcatum,horse,TRUE
Althea rosea,cat,FALSE
Althea rosea,dog,FALSE
Althea rosea,horse,FALSE
Gleditsia triacanthos,cat,FALSE
Gleditsia triacanthos,dog,FALSE
Gleditsia triacanthos,horse,FALSE
Hoya carnosa,cat,FALSE
Hoya carnosa,dog,FALSE
Hoya carnosa,horse,TRUE
Cucumis melo,cat,FALSE
Cucumis melo,dog,FALSE
Cucumis melo,horse,FALSE
Fuchsia triphylla,cat,FALSE
Fuchsia triphylla,dog,FALSE
Fuchsia triphylla,horse,FALSE
Dichelostemma pulchellum,cat,FALSE
Dichelostemma pulchellum,dog,FALSE
Dichelostemma pulchellum,horse,FALSE
Humulus lupulus,cat,TRUE
Humulus lupulus,dog,TRUE
Humulus lupulus,horse,TRUE
Aesculus glabra,cat,TRUE
Aesculus glabra,dog,TRUE
Aesculus glabra,horse,TRUE
Philodendron bipennifolium,cat,TRUE
Philodendron bipennifolium,dog,TRUE
Philodendron bipennifolium,horse,TRUE
Erigeron speciosus,cat,TRUE
Erigeron speciosus,dog,TRUE
Erigeron speciosus,horse,TRUE
Hydrangea arborescens,cat,TRUE
Hydrangea arborescens,dog,TRUE
Hydrangea arborescens,horse,TRUE
Hosta plataginea,cat,TRUE
Hosta plataginea,dog,TRUE
Hosta plataginea,horse,TRUE
Cynoglossum amabile,cat,TRUE
Cynoglossum amabile,dog,TRUE
Cynoglossum amabile,horse,TRUE
Araucaria heterophylla,cat,TRUE
Araucaria heterophylla,dog,TRUE
Araucaria heterophylla,horse,TRUE
Cucurbita maxima var. hubbard,cat,FALSE
Cucurbita maxima var. hubbard,dog,FALSE
Cucurbita maxima var. hubbard,horse,FALSE
Monstera deliciosa,cat,TRUE
Monstera deliciosa,dog,TRUE
Monstera deliciosa,horse,TRUE
Hyacinthus orientalis,cat,TRUE
Hyacinthus orientalis,dog,TRUE
Hyacinthus orientalis,horse,TRUE
Hydrangea arborescens,cat,TRUE
Hydrangea arborescens,dog,TRUE
Hydrangea arborescens,horse,TRUE
Hypocyrta nummularia,cat,FALSE
Hypocyrta nummularia,dog,FALSE
Hypocyrta nummularia,horse,TRUE
Lampranthus piquet,cat,FALSE
Lampranthus piquet,dog,FALSE
Lampranthus piquet,horse,TRUE
Adenium obesum,cat,TRUE
Adenium obesum,dog,TRUE
Adenium obesum,horse,TRUE
Impatiens spp.,cat,FALSE
Impatiens spp.,dog,FALSE
Impatiens spp.,horse,TRUE
Podophyllum peltatum,cat,TRUE
Podophyllum peltatum,dog,TRUE
Podophyllum peltatum,horse,TRUE
Coleus ampoinicus,cat,TRUE
Coleus ampoinicus,dog,TRUE
Coleus ampoinicus,horse,TRUE
Apocynum androsaemifolium,cat,TRUE
Apocynum androsaemifolium,dog,TRUE
Apocynum androsaemifolium,horse,TRUE
Cannabis sativa,cat,TRUE
Cannabis sativa,dog,TRUE
Cannabis sativa,horse,TRUE
Lobelia cardinalis,cat,TRUE
Lobelia cardinalis,dog,TRUE
Lobelia cardinalis,horse,TRUE
Ficus benjamina,cat,TRUE
Ficus benjamina,dog,TRUE
Ficus benjamina,horse,TRUE
Ilex opaca,cat,TRUE
Ilex opaca,dog,TRUE
Ilex opaca,horse,TRUE
Iris species,cat,TRUE
Iris species,dog,TRUE
Iris species,horse,TRUE
Selaginella kraussiana,cat,FALSE
Selaginella kraussiana,dog,FALSE
Selaginella kraussiana,horse,FALSE
Begonia masoniana,cat,FALSE
Begonia masoniana,dog,FALSE
Begonia masoniana,horse,TRUE
Ixora coccinea,cat,FALSE
Ixora coccinea,dog,FALSE
Ixora coccinea,horse,TRUE
Epipremnum aureum,cat,TRUE
Epipremnum aureum,dog,TRUE
Epipremnum aureum,horse,TRUE
Peperomia griseoargentea,cat,FALSE
Peperomia griseoargentea,dog,FALSE
Peperomia griseoargentea,horse,TRUE
Arisaema triphyllum,cat,TRUE
Arisaema triphyllum,dog,TRUE
Arisaema triphyllum,horse,TRUE
Smilax lanceolata,cat,FALSE
Smilax lanceolata,dog,FALSE
Smilax lanceolata,horse,FALSE
Smilax herbacea,cat,FALSE
Smilax herbacea,dog,FALSE
Smilax herbacea,horse,FALSE
Crassula argentea,cat,TRUE
Crassula argentea,dog,TRUE
Crassula argentea,horse,TRUE
Fatsia japonica,cat,FALSE
Fatsia japonica,dog,FALSE
Fatsia japonica,horse,FALSE
Cyrtomium falcatum,cat,FALSE
Cyrtomium falcatum,dog,FALSE
Cyrtomium falcatum,horse,TRUE
Selaginella kraussiana,cat,FALSE
Selaginella kraussiana,dog,FALSE
Selaginella kraussiana,horse,FALSE
Pittosporum tobira,cat,FALSE
Pittosporum tobira,dog,FALSE
Pittosporum tobira,horse,FALSE
Lilium speciosum,cat,TRUE
Lilium speciosum,dog,FALSE
Lilium speciosum,horse,FALSE
Taxus sp.,cat,TRUE
Taxus sp.,dog,TRUE
Taxus sp.,horse,TRUE
Jasminium species,cat,FALSE
Jasminium species,dog,FALSE
Jasminium species,horse,FALSE
Solanum pseudocapsicum,cat,TRUE
Solanum pseudocapsicum,dog,TRUE
Solanum pseudocapsicum,horse,TRUE
Ambrosia mexicana,cat,TRUE
Ambrosia mexicana,dog,TRUE
Ambrosia mexicana,horse,TRUE
Haemaria discolor,cat,FALSE
Haemaria discolor,dog,FALSE
Haemaria discolor,horse,TRUE
Haplopappus heterophyllus,cat,TRUE
Haplopappus heterophyllus,dog,TRUE
Haplopappus heterophyllus,horse,TRUE
Narcissus jonquilla,cat,TRUE
Narcissus jonquilla,dog,TRUE
Narcissus jonquilla,horse,TRUE
Iresine herbstii,cat,FALSE
Iresine herbstii,dog,FALSE
Iresine herbstii,horse,TRUE
Ixora javanica,cat,FALSE
Ixora javanica,dog,FALSE
Ixora javanica,horse,TRUE
Kaempferia,cat,FALSE
Kaempferia,dog,FALSE
Kaempferia,horse,FALSE
Clivia minata,cat,TRUE
Clivia minata,dog,TRUE
Clivia minata,horse,TRUE
Hedychium gardnerianum,cat,FALSE
Hedychium gardnerianum,dog,FALSE
Hedychium gardnerianum,horse,FALSE
Kalanchoe spp,cat,TRUE
Kalanchoe spp,dog,TRUE
Kalanchoe spp,horse,TRUE
Cymbalaria muralis,cat,FALSE
Cymbalaria muralis,dog,FALSE
Cymbalaria muralis,horse,TRUE
Howea forsteriana,cat,FALSE
Howea forsteriana,dog,FALSE
Howea forsteriana,horse,TRUE
Santpaulia confusa,cat,FALSE
Santpaulia confusa,dog,FALSE
Santpaulia confusa,horse,TRUE
Ceratonia siliqua,cat,FALSE
Ceratonia siliqua,dog,FALSE
Ceratonia siliqua,horse,FALSE
Asplenium bulbiferum,cat,FALSE
Asplenium bulbiferum,dog,FALSE
Asplenium bulbiferum,horse,TRUE
Carya laciniosa,cat,FALSE
Carya laciniosa,dog,FALSE
Carya laciniosa,horse,FALSE
Anoectuchilus setaceus,cat,FALSE
Anoectuchilus setaceus,dog,FALSE
Anoectuchilus setaceus,horse,TRUE
Brunfelsia species,cat,TRUE
Brunfelsia species,dog,TRUE
Brunfelsia species,horse,TRUE
Hypericum perforatum,cat,TRUE
Hypericum perforatum,dog,TRUE
Hypericum perforatum,horse,TRUE
Smilax glabra,cat,FALSE
Smilax glabra,dog,FALSE
Smilax glabra,horse,FALSE
Adenium obesum,cat,TRUE
Adenium obesum,dog,TRUE
Adenium obesum,horse,TRUE
Asparagus densiflorus cv sprengeri,cat,TRUE
Asparagus densiflorus cv sprengeri,dog,TRUE
Asparagus densiflorus cv sprengeri,horse,TRUE
Episcia dianthiflora,cat,FALSE
Episcia dianthiflora,dog,FALSE
Episcia dianthiflora,horse,TRUE
Odontoglossum crispum,cat,FALSE
Odontoglossum crispum,dog,FALSE
Odontoglossum crispum,horse,TRUE
Philodendron selloum,cat,TRUE
Philodendron selloum,dog,TRUE
Philodendron selloum,horse,TRUE
Fuchsia,cat,FALSE
Fuchsia,dog,FALSE
Fuchsia,horse,TRUE
Episcia reptans,cat,FALSE
Episcia reptans,dog,FALSE
Episcia reptans,horse,TRUE
Rhapis flabelliformus,cat,FALSE
Rhapis flabelliformus,dog,FALSE
Rhapis flabelliformus,horse,TRUE
Impatiens spp.,cat,FALSE
Impatiens spp.,dog,FALSE
Impatiens spp.,horse,TRUE
Brunfelsia species,cat,TRUE
Brunfelsia species,dog,TRUE
Brunfelsia species,horse,TRUE
Lagerstroemia indica,cat,FALSE
Lagerstroemia indica,dog,FALSE
Lagerstroemia indica,horse,FALSE
Kalmia augustifolia,cat,TRUE
Kalmia augustifolia,dog,TRUE
Kalmia augustifolia,horse,TRUE
Dracaena,cat,FALSE
Dracaena,dog,FALSE
Dracaena,horse,TRUE
Lantana camara,cat,TRUE
Lantana camara,dog,TRUE
Lantana camara,horse,TRUE
Delphinium species,cat,TRUE
Delphinium species,dog,TRUE
Delphinium species,horse,TRUE
Kalmia latifolia,cat,TRUE
Kalmia latifolia,dog,TRUE
Kalmia latifolia,horse,TRUE
Smilax laurifolia,cat,FALSE
Smilax laurifolia,dog,FALSE
Smilax laurifolia,horse,FALSE
Peperomia crassifolia,cat,FALSE
Peperomia crassifolia,dog,FALSE
Peperomia crassifolia,horse,TRUE
Clematis sp.,cat,TRUE
Clematis sp.,dog,TRUE
Clematis sp.,horse,TRUE
Allium ampeloprasum,cat,TRUE
Allium ampeloprasum,dog,TRUE
Allium ampeloprasum,horse,TRUE
Citrus limonia,cat,TRUE
Citrus limonia,dog,TRUE
Citrus limonia,horse,TRUE
Helleborus niger,cat,TRUE
Helleborus niger,dog,TRUE
Helleborus niger,horse,TRUE
Lachenalia lilacina,cat,FALSE
Lachenalia lilacina,dog,FALSE
Lachenalia lilacina,horse,TRUE
Dendrobium gracilicaule,cat,FALSE
Dendrobium gracilicaule,dog,FALSE
Dendrobium gracilicaule,horse,TRUE
Antirrhinum orontium,cat,FALSE
Antirrhinum orontium,dog,FALSE
Antirrhinum orontium,horse,FALSE
Lilium species,cat,TRUE
Lilium species,dog,FALSE
Lilium species,horse,FALSE
Hippeastrum spp.,cat,TRUE
Hippeastrum spp.,dog,TRUE
Hippeastrum spp.,horse,TRUE
Convallaria majalis,cat,TRUE
Convallaria majalis,dog,TRUE
Convallaria majalis,horse,TRUE
Odontoglossum pulchellum,cat,FALSE
Odontoglossum pulchellum,dog,FALSE
Odontoglossum pulchellum,horse,TRUE
Pieris japonica,cat,TRUE
Pieris japonica,dog,TRUE
Pieris japonica,horse,TRUE
Citrus aurantifolia,cat,TRUE
Citrus aurantifolia,dog,TRUE
Citrus aurantifolia,horse,TRUE
Tilia americana,cat,FALSE
Tilia americana,dog,FALSE
Tilia americana,horse,TRUE
Aeschynanthus humilis,cat,FALSE
Aeschynanthus humilis,dog,FALSE
Aeschynanthus humilis,horse,TRUE
Peperomia caperata,cat,FALSE
Peperomia caperata,dog,FALSE
Peperomia caperata,horse,TRUE
Haworthia subfasciata,cat,FALSE
Haworthia subfasciata,dog,FALSE
Haworthia subfasciata,horse,TRUE
Pleiospilos bolusii,cat,FALSE
Pleiospilos bolusii,dog,FALSE
Pleiospilos bolusii,horse,TRUE
Lithops naureeniae,cat,FALSE
Lithops naureeniae,dog,FALSE
Lithops naureeniae,horse,TRUE
Lobelia cardinalis,cat,TRUE
Lobelia cardinalis,dog,TRUE
Lobelia cardinalis,horse,TRUE
Astragalus and Oxytropis species,cat,TRUE
Astragalus and Oxytropis species,dog,TRUE
Astragalus and Oxytropis species,horse,TRUE
Robinia species,cat,TRUE
Robinia species,dog,TRUE
Robinia species,horse,TRUE
Ceratonia siliqua,cat,FALSE
Ceratonia siliqua,dog,FALSE
Ceratonia siliqua,horse,FALSE
Arum maculatum,cat,TRUE
Arum maculatum,dog,TRUE
Arum maculatum,horse,TRUE
Macadamia integrifolia,cat,TRUE
Macadamia integrifolia,dog,TRUE
Macadamia integrifolia,horse,TRUE
Dracaena marginata,cat,TRUE
Dracaena marginata,dog,TRUE
Dracaena marginata,horse,TRUE
Stephanotis floribunda,cat,FALSE
Stephanotis floribunda,dog,FALSE
Stephanotis floribunda,horse,FALSE
Magnolia stellata,cat,FALSE
Magnolia stellata,dog,FALSE
Magnolia stellata,horse,FALSE
Mahonia aquifolium,cat,FALSE
Mahonia aquifolium,dog,FALSE
Mahonia aquifolium,horse,FALSE
Gypsophila elegans,cat,TRUE
Gypsophila elegans,dog,TRUE
Gypsophila elegans,horse,TRUE
Ravenea rivularis,cat,FALSE
Ravenea rivularis,dog,FALSE
Ravenea rivularis,horse,FALSE
Cucurbita ficifolia,cat,FALSE
Cucurbita ficifolia,dog,FALSE
Cucurbita ficifolia,horse,FALSE
Colocasia esculenta,cat,TRUE
Colocasia esculenta,dog,TRUE
Colocasia esculenta,horse,TRUE
Pleomele reflexa,cat,FALSE
Pleomele reflexa,dog,FALSE
Pleomele reflexa,horse,TRUE
Lyonia sp.,cat,TRUE
Lyonia sp.,dog,TRUE
Lyonia sp.,horse,TRUE
Veitchia merrillii,cat,FALSE
Veitchia merrillii,dog,FALSE
Veitchia merrillii,horse,TRUE
Begonia cleopatra,cat,FALSE
Begonia cleopatra,dog,FALSE
Begonia cleopatra,horse,TRUE
Calathea insignis,cat,FALSE
Calathea insignis,dog,FALSE
Calathea insignis,horse,TRUE
Scindapsus aureus,cat,TRUE
Scindapsus aureus,dog,TRUE
Scindapsus aureus,horse,TRUE
Neoregelia spectabilis,cat,FALSE
Neoregelia spectabilis,dog,FALSE
Neoregelia spectabilis,horse,TRUE
Cannabis sativa,cat,TRUE
Cannabis sativa,dog,TRUE
Cannabis sativa,horse,TRUE
Calochortus gunnisonii,cat,FALSE
Calochortus gunnisonii,dog,FALSE
Calochortus gunnisonii,horse,TRUE
Echeveria multicaulis,cat,FALSE
Echeveria multicaulis,dog,FALSE
Echeveria multicaulis,horse,TRUE
Echeveria derenbergii,cat,FALSE
Echeveria derenbergii,dog,FALSE
Echeveria derenbergii,horse,TRUE
Calendula officinalis,cat,FALSE
Calendula officinalis,dog,FALSE
Calendula officinalis,horse,TRUE
Spathiphyllum,cat,TRUE
Spathiphyllum,dog,TRUE
Spathiphyllum,horse,TRUE
Podophyllum peltatum,cat,TRUE
Podophyllum peltatum,dog,TRUE
Podophyllum peltatum,horse,TRUE
Anthemis cotula,cat,TRUE
Anthemis cotula,dog,TRUE
Anthemis cotula,horse,TRUE
Colchicum autumnale,cat,TRUE
Colchicum autumnale,dog,TRUE
Colchicum autumnale,horse,TRUE
Acantha,cat,FALSE
Acantha,dog,FALSE
Acantha,horse,FALSE
null,cat,TRUE
null,dog,TRUE
null,horse,TRUE
Begonia metallica,cat,FALSE
Begonia metallica,dog,FALSE
Begonia metallica,horse,TRUE
Peperomia caperata,cat,FALSE
Peperomia caperata,dog,FALSE
Peperomia caperata,horse,TRUE
Monstera deliciosa,cat,TRUE
Monstera deliciosa,dog,TRUE
Monstera deliciosa,horse,TRUE
Echeveria Pulinata,cat,FALSE
Echeveria Pulinata,dog,FALSE
Echeveria Pulinata,horse,TRUE
Echevaria,cat,FALSE
Echevaria,dog,FALSE
Echevaria,horse,TRUE
Echevaria,cat,FALSE
Echevaria,dog,FALSE
Echevaria,horse,TRUE
Achillea millefolium,cat,TRUE
Achillea millefolium,dog,TRUE
Achillea millefolium,horse,TRUE
Asclepias species,cat,TRUE
Asclepias species,dog,TRUE
Asclepias species,horse,TRUE
Phoenix robellinii,cat,FALSE
Phoenix robellinii,dog,FALSE
Phoenix robellinii,horse,TRUE
Chamaedorea elegans,cat,FALSE
Chamaedorea elegans,dog,FALSE
Chamaedorea elegans,horse,TRUE
Calathea micans,cat,FALSE
Calathea micans,dog,FALSE
Calathea micans,horse,TRUE
Neoregelia spectabilis,cat,FALSE
Neoregelia spectabilis,dog,FALSE
Neoregelia spectabilis,horse,TRUE
Phoradendron flavescens,cat,TRUE
Phoradendron flavescens,dog,TRUE
Phoradendron flavescens,horse,TRUE
Rhipsalis cassutha,cat,FALSE
Rhipsalis cassutha,dog,FALSE
Rhipsalis cassutha,horse,TRUE
Adenium obesum,cat,TRUE
Adenium obesum,dog,TRUE
Adenium obesum,horse,TRUE
Carya tomentosa,cat,FALSE
Carya tomentosa,dog,FALSE
Carya tomentosa,horse,FALSE
Ricinus communis,cat,TRUE
Ricinus communis,dog,TRUE
Ricinus communis,horse,TRUE
Ipomoea spp,cat,TRUE
Ipomoea spp,dog,TRUE
Ipomoea spp,horse,TRUE
Brunfelsia species,cat,TRUE
Brunfelsia species,dog,TRUE
Brunfelsia species,horse,TRUE
Bertolonia mosaica,cat,FALSE
Bertolonia mosaica,dog,FALSE
Bertolonia mosaica,horse,TRUE
Guzmania musaica,cat,FALSE
Guzmania musaica,dog,FALSE
Guzmania musaica,horse,TRUE
Episcia reptans,cat,FALSE
Episcia reptans,dog,FALSE
Episcia reptans,horse,TRUE
Silene acaulis,cat,FALSE
Silene acaulis,dog,FALSE
Silene acaulis,horse,TRUE
Selaginella kraussiana,cat,FALSE
Selaginella kraussiana,dog,FALSE
Selaginella kraussiana,horse,FALSE
Phlox subulata,cat,FALSE
Phlox subulata,dog,FALSE
Phlox subulata,horse,TRUE
Portulaca oleracea,cat,TRUE
Portulaca oleracea,dog,TRUE
Portulaca oleracea,horse,TRUE
Silene acaulis,cat,FALSE
Silene acaulis,dog,FALSE
Silene acaulis,horse,TRUE
Asplenium bulbiferum,cat,FALSE
Asplenium bulbiferum,dog,FALSE
Asplenium bulbiferum,horse,TRUE
Kalanchoe tubiflora,cat,TRUE
Kalanchoe tubiflora,dog,TRUE
Kalanchoe tubiflora,horse,TRUE
Secum weinbergii,cat,FALSE
Secum weinbergii,dog,FALSE
Secum weinbergii,horse,TRUE
Asplenium bulbiferum,cat,FALSE
Asplenium bulbiferum,dog,FALSE
Asplenium bulbiferum,horse,TRUE
Monstera deliciosa,cat,TRUE
Monstera deliciosa,dog,TRUE
Monstera deliciosa,horse,TRUE
Kalanchoe tubiflora,cat,TRUE
Kalanchoe tubiflora,dog,TRUE
Kalanchoe tubiflora,horse,TRUE
Sansevieria trifasciata,cat,TRUE
Sansevieria trifasciata,dog,TRUE
Sansevieria trifasciata,horse,TRUE
Stewartia ovata,cat,FALSE
Stewartia ovata,dog,FALSE
Stewartia ovata,horse,FALSE
Mahonia aquifolium,cat,FALSE
Mahonia aquifolium,dog,FALSE
Mahonia aquifolium,horse,FALSE
Kalmia latifolia,cat,TRUE
Kalmia latifolia,dog,TRUE
Kalmia latifolia,horse,TRUE
Smilax sp.,cat,FALSE
Smilax sp.,dog,FALSE
Smilax sp.,horse,FALSE
Morus sp.,cat,FALSE
Morus sp.,dog,FALSE
Morus sp.,horse,FALSE
Chrysanthemum spp.,cat,TRUE
Chrysanthemum spp.,dog,TRUE
Chrysanthemum spp.,horse,TRUE
Musa acuminata,cat,FALSE
Musa acuminata,dog,FALSE
Musa acuminata,horse,FALSE
Muscari armeniacum,cat,FALSE
Muscari armeniacum,dog,FALSE
Muscari armeniacum,horse,TRUE
Cucumis melo,cat,FALSE
Cucumis melo,dog,FALSE
Cucumis melo,horse,FALSE
Amaryllis belladonna L.,cat,TRUE
Amaryllis belladonna L.,dog,TRUE
Amaryllis belladonna L.,horse,TRUE
Nandina domestica,cat,TRUE
Nandina domestica,dog,TRUE
Nandina domestica,horse,TRUE
Narcissus spp,cat,TRUE
Narcissus spp,dog,TRUE
Narcissus spp,horse,TRUE
Tropaeolum majus,cat,FALSE
Tropaeolum majus,dog,FALSE
Tropaeolum majus,horse,FALSE
Carissa grandiflora,cat,FALSE
Carissa grandiflora,dog,FALSE
Carissa grandiflora,horse,FALSE
Chamaedorea elegans,cat,FALSE
Chamaedorea elegans,dog,FALSE
Chamaedorea elegans,horse,TRUE
Hedera helix,cat,TRUE
Hedera helix,dog,TRUE
Hedera helix,horse,TRUE
Hypocyrta nummularia,cat,FALSE
Hypocyrta nummularia,dog,FALSE
Hypocyrta nummularia,horse,TRUE
Neoregalia spp.,cat,FALSE
Neoregalia spp.,dog,FALSE
Neoregalia spp.,horse,TRUE
Syngonium podophyllum,cat,TRUE
Syngonium podophyllum,dog,TRUE
Syngonium podophyllum,horse,TRUE
Bertolonia mosaica,cat,FALSE
Bertolonia mosaica,dog,FALSE
Bertolonia mosaica,horse,TRUE
Nicotiana glauca,cat,TRUE
Nicotiana glauca,dog,TRUE
Nicotiana glauca,horse,TRUE
Hylocereus undatus,cat,FALSE
Hylocereus undatus,dog,FALSE
Hylocereus undatus,horse,TRUE
Solanum spp,cat,TRUE
Solanum spp,dog,TRUE
Solanum spp,horse,TRUE
0,cat,TRUE
0,dog,TRUE
0,horse,TRUE
Araucaria heterophylla,cat,TRUE
Araucaria heterophylla,dog,TRUE
Araucaria heterophylla,horse,TRUE
Quercus species,cat,TRUE
Quercus species,dog,TRUE
Quercus species,horse,TRUE
Schefflera or Brassia actinoplylla,cat,TRUE
Schefflera or Brassia actinoplylla,dog,TRUE
Schefflera or Brassia actinoplylla,horse,TRUE
Anthurium scherzeranum,cat,TRUE
Anthurium scherzeranum,dog,TRUE
Anthurium scherzeranum,horse,TRUE
Cephalocereus senilis,cat,FALSE
Cephalocereus senilis,dog,FALSE
Cephalocereus senilis,horse,TRUE
Bulbophyllum appendiculatum,cat,FALSE
Bulbophyllum appendiculatum,dog,FALSE
Bulbophyllum appendiculatum,horse,TRUE
Nerium oleander,cat,TRUE
Nerium oleander,dog,TRUE
Nerium oleander,horse,TRUE
Allium cepa,cat,TRUE
Allium cepa,dog,TRUE
Allium cepa,horse,TRUE
Citrus sinensis,cat,TRUE
Citrus sinensis,dog,TRUE
Citrus sinensis,horse,TRUE
Hemerocallis graminea,cat,TRUE
Hemerocallis graminea,dog,FALSE
Hemerocallis graminea,horse,FALSE
Guzmania lingulata minor,cat,FALSE
Guzmania lingulata minor,dog,FALSE
Guzmania lingulata minor,horse,TRUE
Mahonia aquifolium,cat,FALSE
Mahonia aquifolium,dog,FALSE
Mahonia aquifolium,horse,FALSE
Ilex opaca,cat,TRUE
Ilex opaca,dog,TRUE
Ilex opaca,horse,TRUE
Solanum pseudocapsicum,cat,TRUE
Solanum pseudocapsicum,dog,TRUE
Solanum pseudocapsicum,horse,TRUE
Neoregalia spp.,cat,FALSE
Neoregalia spp.,dog,FALSE
Neoregalia spp.,horse,TRUE
Taxus brevifolia,cat,TRUE
Taxus brevifolia,dog,TRUE
Taxus brevifolia,horse,TRUE
Soleirolia soleirolii,cat,FALSE
Soleirolia soleirolii,dog,FALSE
Soleirolia soleirolii,horse,TRUE
Echeveria multicaulis,cat,FALSE
Echeveria multicaulis,dog,FALSE
Echeveria multicaulis,horse,TRUE
Anthurium scherzeranum,cat,TRUE
Anthurium scherzeranum,dog,TRUE
Anthurium scherzeranum,horse,TRUE
Kalmia polifolia,cat,TRUE
Kalmia polifolia,dog,TRUE
Kalmia polifolia,horse,TRUE
Cordyline australis,cat,TRUE
Cordyline australis,dog,TRUE
Cordyline australis,horse,TRUE
Cortaderia selloana,cat,FALSE
Cortaderia selloana,dog,FALSE
Cortaderia selloana,horse,FALSE
Pilea involucrata,cat,FALSE
Pilea involucrata,dog,FALSE
Pilea involucrata,horse,TRUE
Philodendron bipennifolium,cat,TRUE
Philodendron bipennifolium,dog,TRUE
Philodendron bipennifolium,horse,TRUE
Miltonia roezlii alba,cat,FALSE
Miltonia roezlii alba,dog,FALSE
Miltonia roezlii alba,horse,TRUE
Narcissus spp,cat,TRUE
Narcissus spp,dog,TRUE
Narcissus spp,horse,TRUE
Howea forsteriana,cat,FALSE
Howea forsteriana,dog,FALSE
Howea forsteriana,horse,TRUE
Brunfelsia species,cat,TRUE
Brunfelsia species,dog,TRUE
Brunfelsia species,horse,TRUE
Chamaedorea elegans,cat,FALSE
Chamaedorea elegans,dog,FALSE
Chamaedorea elegans,horse,TRUE
Asplenium bulbiferum,cat,FALSE
Asplenium bulbiferum,dog,FALSE
Asplenium bulbiferum,horse,TRUE
Impatiens spp.,cat,FALSE
Impatiens spp.,dog,FALSE
Impatiens spp.,horse,TRUE
Impatiens spp.,cat,FALSE
Impatiens spp.,dog,FALSE
Impatiens spp.,horse,TRUE
Echium plantagineum,cat,TRUE
Echium plantagineum,dog,TRUE
Echium plantagineum,horse,TRUE
Begonia rex 'peace',cat,FALSE
Begonia rex 'peace',dog,FALSE
Begonia rex 'peace',horse,TRUE
Spathiphyllum,cat,TRUE
Spathiphyllum,dog,TRUE
Spathiphyllum,horse,TRUE
Prunus species,cat,TRUE
Prunus species,dog,TRUE
Prunus species,horse,TRUE
Caesalpinia pulcherrima,cat,TRUE
Caesalpinia pulcherrima,dog,TRUE
Caesalpinia pulcherrima,horse,TRUE
Kaempferia,cat,FALSE
Kaempferia,dog,FALSE
Kaempferia,horse,FALSE
Haworthia margaritifera,cat,FALSE
Haworthia margaritifera,dog,FALSE
Haworthia margaritifera,horse,TRUE
Haworthia margaritifera,cat,FALSE
Haworthia margaritifera,dog,FALSE
Haworthia margaritifera,horse,TRUE
Euphorbia tirucalli,cat,TRUE
Euphorbia tirucalli,dog,TRUE
Euphorbia tirucalli,horse,TRUE
Paeonis officinalis,cat,TRUE
Paeonis officinalis,dog,TRUE
Paeonis officinalis,horse,TRUE
Peperomia griseoargentea,cat,FALSE
Peperomia griseoargentea,dog,FALSE
Peperomia griseoargentea,horse,TRUE
Peperomia peltifolia,cat,FALSE
Peperomia peltifolia,dog,FALSE
Peperomia peltifolia,horse,TRUE
Peperomia rotundifolia,cat,FALSE
Peperomia rotundifolia,dog,FALSE
Peperomia rotundifolia,horse,TRUE
Peperomia sandersii,cat,FALSE
Peperomia sandersii,dog,FALSE
Peperomia sandersii,horse,TRUE
Peperomia obtusifolia,cat,FALSE
Peperomia obtusifolia,dog,FALSE
Peperomia obtusifolia,horse,TRUE
Lathyrus latifolius,cat,TRUE
Lathyrus latifolius,dog,TRUE
Lathyrus latifolius,horse,TRUE
Vinca rosea,cat,TRUE
Vinca rosea,dog,TRUE
Vinca rosea,horse,TRUE
Exacum affine,cat,FALSE
Exacum affine,dog,FALSE
Exacum affine,horse,TRUE
Petunia species,cat,FALSE
Petunia species,dog,FALSE
Petunia species,horse,TRUE
Phalaenopsis sp.,cat,FALSE
Phalaenopsis sp.,dog,FALSE
Phalaenopsis sp.,horse,FALSE
Cryptanthus zonatus,cat,FALSE
Cryptanthus zonatus,dog,FALSE
Cryptanthus zonatus,horse,TRUE
Philodendron spp,cat,TRUE
Philodendron spp,dog,TRUE
Philodendron spp,horse,TRUE
Rheum rhabarbarium,cat,TRUE
Rheum rhabarbarium,dog,TRUE
Rheum rhabarbarium,horse,TRUE
Pieris japonica,cat,TRUE
Pieris japonica,dog,TRUE
Pieris japonica,horse,TRUE
Zantedeschia aethiopica,cat,TRUE
Zantedeschia aethiopica,dog,TRUE
Zantedeschia aethiopica,horse,TRUE
Tolmeia menziesii,cat,FALSE
Tolmeia menziesii,dog,FALSE
Tolmeia menziesii,horse,TRUE
Carya glabra,cat,FALSE
Carya glabra,dog,FALSE
Carya glabra,horse,FALSE
Anthurium scherzeranum,cat,TRUE
Anthurium scherzeranum,dog,TRUE
Anthurium scherzeranum,horse,TRUE
Pilea microphylla,cat,FALSE
Pilea microphylla,dog,FALSE
Pilea microphylla,horse,FALSE
Pilea microphylla,cat,FALSE
Pilea microphylla,dog,FALSE
Pilea microphylla,horse,FALSE
Leucospermum incisum,cat,FALSE
Leucospermum incisum,dog,FALSE
Leucospermum incisum,horse,FALSE
Episcia cultivar,cat,FALSE
Episcia cultivar,dog,FALSE
Episcia cultivar,horse,TRUE
Begonia semperflorens cultivar,cat,FALSE
Begonia semperflorens cultivar,dog,FALSE
Begonia semperflorens cultivar,horse,TRUE
Hypoestes phyllostachya,cat,FALSE
Hypoestes phyllostachya,dog,FALSE
Hypoestes phyllostachya,horse,FALSE
Cryptanthus bivattus minor,cat,FALSE
Cryptanthus bivattus minor,dog,FALSE
Cryptanthus bivattus minor,horse,TRUE
Dianthus caryophyllus,cat,TRUE
Dianthus caryophyllus,dog,TRUE
Dianthus caryophyllus,horse,TRUE
Crataegus species,cat,FALSE
Crataegus species,dog,FALSE
Crataegus species,horse,FALSE
Hylocereus undatus,cat,FALSE
Hylocereus undatus,dog,FALSE
Hylocereus undatus,horse,TRUE
0,cat,TRUE
0,dog,TRUE
0,horse,TRUE
0,cat,TRUE
0,dog,TRUE
0,horse,TRUE
Hosta plantaginea,cat,TRUE
Hosta plantaginea,dog,TRUE
Hosta plantaginea,horse,TRUE
Plantanus occidentalis,cat,FALSE
Plantanus occidentalis,dog,FALSE
Plantanus occidentalis,horse,TRUE
Peperomia griseoargentea,cat,FALSE
Peperomia griseoargentea,dog,FALSE
Peperomia griseoargentea,horse,TRUE
Platycerium alicicorne,cat,FALSE
Platycerium alicicorne,dog,FALSE
Platycerium alicicorne,horse,TRUE
Prunus species,cat,TRUE
Prunus species,dog,TRUE
Prunus species,horse,TRUE
Ceratostigma larpentiae,cat,FALSE
Ceratostigma larpentiae,dog,FALSE
Ceratostigma larpentiae,horse,FALSE
Asparagus densiflorus cv sprengeri,cat,TRUE
Asparagus densiflorus cv sprengeri,dog,TRUE
Asparagus densiflorus cv sprengeri,horse,TRUE
Echeveria pulvoliver,cat,FALSE
Echeveria pulvoliver,dog,FALSE
Echeveria pulvoliver,horse,TRUE
Poinciana gilliesii,cat,TRUE
Poinciana gilliesii,dog,TRUE
Poinciana gilliesii,horse,TRUE
Euphorbia pulcherrima,cat,TRUE
Euphorbia pulcherrima,dog,TRUE
Euphorbia pulcherrima,horse,TRUE
Anthemis cotula,cat,TRUE
Anthemis cotula,dog,TRUE
Anthemis cotula,horse,TRUE
Conium maculatum,cat,TRUE
Conium maculatum,dog,TRUE
Conium maculatum,horse,TRUE
Toxicodendron species,cat,FALSE
Toxicodendron species,dog,FALSE
Toxicodendron species,horse,FALSE
Toxicodendron species,cat,FALSE
Toxicodendron species,dog,FALSE
Toxicodendron species,horse,FALSE
Cicuta maculata,cat,TRUE
Cicuta maculata,dog,TRUE
Cicuta maculata,horse,TRUE
Toxicodendron species,cat,FALSE
Toxicodendron species,dog,FALSE
Toxicodendron species,horse,FALSE
Hypoestes phyllostachya,cat,FALSE
Hypoestes phyllostachya,dog,FALSE
Hypoestes phyllostachya,horse,FALSE
Cyrtomium falcatum,cat,FALSE
Cyrtomium falcatum,dog,FALSE
Cyrtomium falcatum,horse,TRUE
Pinus ponderosa,cat,TRUE
Pinus ponderosa,dog,TRUE
Pinus ponderosa,horse,TRUE
Beaucarnea recurvata,cat,FALSE
Beaucarnea recurvata,dog,FALSE
Beaucarnea recurvata,horse,FALSE
Hoya carnosa 'krinkle kurl',cat,FALSE
Hoya carnosa 'krinkle kurl',dog,FALSE
Hoya carnosa 'krinkle kurl',horse,TRUE
Portulaca oleracea,cat,TRUE
Portulaca oleracea,dog,TRUE
Portulaca oleracea,horse,TRUE
Calendula officinalis,cat,FALSE
Calendula officinalis,dog,FALSE
Calendula officinalis,horse,TRUE
Epipremnum aureum,cat,TRUE
Epipremnum aureum,dog,TRUE
Epipremnum aureum,horse,TRUE
Zephyranthes drummondii,cat,FALSE
Zephyranthes drummondii,dog,FALSE
Zephyranthes drummondii,horse,TRUE
Abronia fragrans,cat,FALSE
Abronia fragrans,dog,FALSE
Abronia fragrans,horse,FALSE
Abrus precatorius,cat,TRUE
Abrus precatorius,dog,TRUE
Abrus precatorius,horse,TRUE
Calathea insignis,cat,FALSE
Calathea insignis,dog,FALSE
Calathea insignis,horse,TRUE
Abrus precatorius,cat,TRUE
Abrus precatorius,dog,TRUE
Abrus precatorius,horse,TRUE
Callistemon species,cat,FALSE
Callistemon species,dog,FALSE
Callistemon species,horse,FALSE
Melia azedarach,cat,TRUE
Melia azedarach,dog,TRUE
Melia azedarach,horse,TRUE
Primula vulgaris,cat,TRUE
Primula vulgaris,dog,TRUE
Primula vulgaris,horse,TRUE
Ligustrum japonicum,cat,TRUE
Ligustrum japonicum,dog,TRUE
Ligustrum japonicum,horse,TRUE
Plectranthus oetendahlii,cat,FALSE
Plectranthus oetendahlii,dog,FALSE
Plectranthus oetendahlii,horse,TRUE
Salix purpurea,cat,FALSE
Salix purpurea,dog,FALSE
Salix purpurea,horse,FALSE
Frithia pulchra,cat,FALSE
Frithia pulchra,dog,FALSE
Frithia pulchra,horse,TRUE
Gynura aurantica,cat,FALSE
Gynura aurantica,dog,FALSE
Gynura aurantica,horse,TRUE
Gynura aurantica,cat,FALSE
Gynura aurantica,dog,FALSE
Gynura aurantica,horse,TRUE
Hemigraphis exotica,cat,FALSE
Hemigraphis exotica,dog,FALSE
Hemigraphis exotica,horse,TRUE
Portulaca oleracea,cat,TRUE
Portulaca oleracea,dog,TRUE
Portulaca oleracea,horse,TRUE
Clintonia uniflora,cat,FALSE
Clintonia uniflora,dog,FALSE
Clintonia uniflora,horse,TRUE
Dichorisandra reginae,cat,FALSE
Dichorisandra reginae,dog,FALSE
Dichorisandra reginae,horse,TRUE
Canna edulis,cat,FALSE
Canna edulis,dog,FALSE
Canna edulis,horse,FALSE
Macadamia integrifolia,cat,TRUE
Macadamia integrifolia,dog,TRUE
Macadamia integrifolia,horse,TRUE
Davallia spp.,cat,FALSE
Davallia spp.,dog,FALSE
Davallia spp.,horse,TRUE
Asparagus densiflorus cv sprengeri,cat,TRUE
Asparagus densiflorus cv sprengeri,dog,TRUE
Asparagus densiflorus cv sprengeri,horse,TRUE
Senecio species,cat,TRUE
Senecio species,dog,TRUE
Senecio species,horse,TRUE
Epidendrum prismatocarpum,cat,FALSE
Epidendrum prismatocarpum,dog,FALSE
Epidendrum prismatocarpum,horse,TRUE
Sphenosciadium capitellatum,cat,TRUE
Sphenosciadium capitellatum,dog,TRUE
Sphenosciadium capitellatum,horse,TRUE
Crotalaria albida,cat,TRUE
Crotalaria albida,dog,TRUE
Crotalaria albida,horse,TRUE
Haplopappus heterophyllus,cat,TRUE
Haplopappus heterophyllus,dog,TRUE
Haplopappus heterophyllus,horse,TRUE
Episcia reptans,cat,FALSE
Episcia reptans,dog,FALSE
Episcia reptans,horse,TRUE
Smilax walteria,cat,FALSE
Smilax walteria,dog,FALSE
Smilax walteria,horse,FALSE
Peperomia clusiifolia,cat,FALSE
Peperomia clusiifolia,dog,FALSE
Peperomia clusiifolia,horse,TRUE
Philodendron bipennifolium,cat,TRUE
Philodendron bipennifolium,dog,TRUE
Philodendron bipennifolium,horse,TRUE
Crataegus species,cat,FALSE
Crataegus species,dog,FALSE
Crataegus species,horse,FALSE
Lilium umbellatum,cat,TRUE
Lilium umbellatum,dog,FALSE
Lilium umbellatum,horse,FALSE
Acer rubrum,cat,TRUE
Acer rubrum,dog,TRUE
Acer rubrum,horse,TRUE
Cordyline rubra,cat,FALSE
Cordyline rubra,dog,FALSE
Cordyline rubra,horse,TRUE
Philodendron bipennifolium,cat,TRUE
Philodendron bipennifolium,dog,TRUE
Philodendron bipennifolium,horse,TRUE
Calathea insignis,cat,FALSE
Calathea insignis,dog,FALSE
Calathea insignis,horse,TRUE
Dracaena marginata,cat,TRUE
Dracaena marginata,dog,TRUE
Dracaena marginata,horse,TRUE
Chamaedorea elegans,cat,FALSE
Chamaedorea elegans,dog,FALSE
Chamaedorea elegans,horse,TRUE
Kaempferia,cat,FALSE
Kaempferia,dog,FALSE
Kaempferia,horse,FALSE
Begonia rex,cat,FALSE
Begonia rex,dog,FALSE
Begonia rex,horse,TRUE
Rhododendron spp,cat,TRUE
Rhododendron spp,dog,TRUE
Rhododendron spp,horse,TRUE
Rheum rhabarbarium,cat,TRUE
Rheum rhabarbarium,dog,TRUE
Rheum rhabarbarium,horse,TRUE
Peperomia obtusifolia,cat,FALSE
Peperomia obtusifolia,dog,FALSE
Peperomia obtusifolia,horse,TRUE
Dracaena spp.,cat,TRUE
Dracaena spp.,dog,TRUE
Dracaena spp.,horse,TRUE
Chlorophytum comosum,cat,FALSE
Chlorophytum comosum,dog,FALSE
Chlorophytum comosum,horse,TRUE
Hippeastrum spp.,cat,TRUE
Hippeastrum spp.,dog,TRUE
Hippeastrum spp.,horse,TRUE
Portulaca oleracea,cat,TRUE
Portulaca oleracea,dog,TRUE
Portulaca oleracea,horse,TRUE
Anthemis nobilis,cat,TRUE
Anthemis nobilis,dog,TRUE
Anthemis nobilis,horse,TRUE
Nephrolepis biserrata,cat,FALSE
Nephrolepis biserrata,dog,FALSE
Nephrolepis biserrata,horse,FALSE
Rosa Species,cat,FALSE
Rosa Species,dog,FALSE
Rosa Species,horse,FALSE
Hibiscus syriacus,cat,TRUE
Hibiscus syriacus,dog,TRUE
Hibiscus syriacus,horse,TRUE
Hibiscus syriacus,cat,TRUE
Hibiscus syriacus,dog,TRUE
Hibiscus syriacus,horse,TRUE
Rhododendron spp,cat,TRUE
Rhododendron spp,dog,TRUE
Rhododendron spp,horse,TRUE
Lilium speciosum cultivar,cat,TRUE
Lilium speciosum cultivar,dog,FALSE
Lilium speciosum cultivar,horse,FALSE
Vinca rosea,cat,TRUE
Vinca rosea,dog,TRUE
Vinca rosea,horse,TRUE
Centaurea repens,cat,TRUE
Centaurea repens,dog,TRUE
Centaurea repens,horse,TRUE
elaeagnus species,cat,FALSE
elaeagnus species,dog,FALSE
elaeagnus species,horse,FALSE
Adenium obesum,cat,TRUE
Adenium obesum,dog,TRUE
Adenium obesum,horse,TRUE
Nandina domestica,cat,TRUE
Nandina domestica,dog,TRUE
Nandina domestica,horse,TRUE
Philodendron bipennifolium,cat,TRUE
Philodendron bipennifolium,dog,TRUE
Philodendron bipennifolium,horse,TRUE
Aphelandra squarrosa,cat,FALSE
Aphelandra squarrosa,dog,FALSE
Aphelandra squarrosa,horse,TRUE
"Cycas revoluta, zamia species",cat,TRUE
"Cycas revoluta, zamia species",dog,TRUE
"Cycas revoluta, zamia species",horse,TRUE
Anthericum liliago,cat,FALSE
Anthericum liliago,dog,FALSE
Anthericum liliago,horse,TRUE
Leucocrinum montanum,cat,FALSE
Leucocrinum montanum,dog,FALSE
Leucocrinum montanum,horse,TRUE
Abronia fragrans,cat,FALSE
Abronia fragrans,dog,FALSE
Abronia fragrans,horse,FALSE
Pellonia pulchra,cat,FALSE
Pellonia pulchra,dog,FALSE
Pellonia pulchra,horse,TRUE
Scindapsus pictus,cat,TRUE
Scindapsus pictus,dog,TRUE
Scindapsus pictus,horse,TRUE
Smilax glauca,cat,FALSE
Smilax glauca,dog,FALSE
Smilax glauca,horse,FALSE
Leucospermum incisum,cat,FALSE
Leucospermum incisum,dog,FALSE
Leucospermum incisum,horse,FALSE
Vallota speciosa,cat,FALSE
Vallota speciosa,dog,FALSE
Vallota speciosa,horse,TRUE
Epidendrum tampense,cat,FALSE
Epidendrum tampense,dog,FALSE
Epidendrum tampense,horse,TRUE
Salvia coccinea,cat,FALSE
Salvia coccinea,dog,FALSE
Salvia coccinea,horse,FALSE
Schefflera,cat,TRUE
Schefflera,dog,TRUE
Schefflera,horse,TRUE
Equisetum arvense,cat,TRUE
Equisetum arvense,dog,TRUE
Equisetum arvense,horse,TRUE
0,cat,TRUE
0,dog,TRUE
0,horse,TRUE
Erigeron speciosus,cat,TRUE
Erigeron speciosus,dog,TRUE
Erigeron speciosus,horse,TRUE
Calochortus gunnisonii,cat,FALSE
Calochortus gunnisonii,dog,FALSE
Calochortus gunnisonii,horse,TRUE
Hydrangea arborescens,cat,TRUE
Hydrangea arborescens,dog,TRUE
Hydrangea arborescens,horse,TRUE
Carya laciniosa,cat,FALSE
Carya laciniosa,dog,FALSE
Carya laciniosa,horse,FALSE
Oxalis spp.,cat,TRUE
Oxalis spp.,dog,TRUE
Oxalis spp.,horse,TRUE
Smilax glabra,cat,FALSE
Smilax glabra,dog,FALSE
Smilax glabra,horse,FALSE
Asparagus densiflorus cv sprengeri,cat,TRUE
Asparagus densiflorus cv sprengeri,dog,TRUE
Asparagus densiflorus cv sprengeri,horse,TRUE
Kalmia latifolia,cat,TRUE
Kalmia latifolia,dog,TRUE
Kalmia latifolia,horse,TRUE
Carya laciniosa,cat,FALSE
Carya laciniosa,dog,FALSE
Carya laciniosa,horse,FALSE
Erigeron speciosus,cat,TRUE
Erigeron speciosus,dog,TRUE
Erigeron speciosus,horse,TRUE
Schlumbergera russelliana,cat,FALSE
Schlumbergera russelliana,dog,FALSE
Schlumbergera russelliana,horse,TRUE
Halesia carolina,cat,FALSE
Halesia carolina,dog,FALSE
Halesia carolina,horse,FALSE
elaeagnus species,cat,FALSE
elaeagnus species,dog,FALSE
elaeagnus species,horse,FALSE
Crassula arborescens,cat,TRUE
Crassula arborescens,dog,TRUE
Crassula arborescens,horse,TRUE
Peperomia caperata,cat,FALSE
Peperomia caperata,dog,FALSE
Peperomia caperata,horse,TRUE
Crassula arborescens,cat,TRUE
Crassula arborescens,dog,TRUE
Crassula arborescens,horse,TRUE
Hoya pubicalyx,cat,FALSE
Hoya pubicalyx,dog,FALSE
Hoya pubicalyx,horse,TRUE
Cryptanthus lacerdae,cat,FALSE
Cryptanthus lacerdae,dog,FALSE
Cryptanthus lacerdae,horse,TRUE
Pteris sp.,cat,FALSE
Pteris sp.,dog,FALSE
Pteris sp.,horse,TRUE
NONE LISTED,cat,FALSE
NONE LISTED,dog,FALSE
NONE LISTED,horse,TRUE
Symplocarpus foetidus,cat,TRUE
Symplocarpus foetidus,dog,TRUE
Symplocarpus foetidus,horse,TRUE
Deutzia gracilis,cat,FALSE
Deutzia gracilis,dog,FALSE
Deutzia gracilis,horse,TRUE
Carya glabra,cat,FALSE
Carya glabra,dog,FALSE
Carya glabra,horse,FALSE
Smilax hispida,cat,FALSE
Smilax hispida,dog,FALSE
Smilax hispida,horse,FALSE
Iris species,cat,TRUE
Iris species,dog,TRUE
Iris species,horse,TRUE
Sansevieria trifasciata,cat,TRUE
Sansevieria trifasciata,dog,TRUE
Sansevieria trifasciata,horse,TRUE
Arum palestinum,cat,TRUE
Arum palestinum,dog,TRUE
Arum palestinum,horse,TRUE
Cyclamen spp,cat,TRUE
Cyclamen spp,dog,TRUE
Cyclamen spp,horse,TRUE
Coleus ampoinicus,cat,TRUE
Coleus ampoinicus,dog,TRUE
Coleus ampoinicus,horse,TRUE
Clintonia umbelluata,cat,FALSE
Clintonia umbelluata,dog,FALSE
Clintonia umbelluata,horse,TRUE
Epidendrum atropurpeum,cat,FALSE
Epidendrum atropurpeum,dog,FALSE
Epidendrum atropurpeum,horse,TRUE
Epidendrum ibaguense,cat,FALSE
Epidendrum ibaguense,dog,FALSE
Epidendrum ibaguense,horse,TRUE
Cleome hasserlana,cat,FALSE
Cleome hasserlana,dog,FALSE
Cleome hasserlana,horse,FALSE
Chlorophytum comosum,cat,FALSE
Chlorophytum comosum,dog,FALSE
Chlorophytum comosum,horse,TRUE
Chlorophytum comosum,cat,FALSE
Chlorophytum comosum,dog,FALSE
Chlorophytum comosum,horse,TRUE
Euonymus atropurpurea,cat,TRUE
Euonymus atropurpurea,dog,TRUE
Euonymus atropurpurea,horse,TRUE
Philodendron bipennifolium,cat,TRUE
Philodendron bipennifolium,dog,TRUE
Philodendron bipennifolium,horse,TRUE
Dieffenbachia amoena,cat,TRUE
Dieffenbachia amoena,dog,TRUE
Dieffenbachia amoena,horse,TRUE
Asparagus densiflorus cv sprengeri,cat,TRUE
Asparagus densiflorus cv sprengeri,dog,TRUE
Asparagus densiflorus cv sprengeri,horse,TRUE
Petroselinum crispum,cat,TRUE
Petroselinum crispum,dog,TRUE
Petroselinum crispum,horse,TRUE
Hypericum perforatum,cat,TRUE
Hypericum perforatum,dog,TRUE
Hypericum perforatum,horse,TRUE
Lyonia sp.,cat,TRUE
Lyonia sp.,dog,TRUE
Lyonia sp.,horse,TRUE
Trachelospermum jasminoides,cat,FALSE
Trachelospermum jasminoides,dog,FALSE
Trachelospermum jasminoides,horse,FALSE
Leucocrinum montanum,cat,FALSE
Leucocrinum montanum,dog,FALSE
Leucocrinum montanum,horse,TRUE
Cryptanthus bivattus minor,cat,FALSE
Cryptanthus bivattus minor,dog,FALSE
Cryptanthus bivattus minor,horse,TRUE
Arum maculatum,cat,TRUE
Arum maculatum,dog,TRUE
Arum maculatum,horse,TRUE
Lilium orientalis,cat,TRUE
Lilium orientalis,dog,FALSE
Lilium orientalis,horse,FALSE
Brassaia actinophylla,cat,TRUE
Brassaia actinophylla,dog,TRUE
Brassaia actinophylla,horse,TRUE
Anthemis cotula,cat,TRUE
Anthemis cotula,dog,TRUE
Anthemis cotula,horse,TRUE
Dracaena marginata,cat,TRUE
Dracaena marginata,dog,TRUE
Dracaena marginata,horse,TRUE
Fragaria,cat,FALSE
Fragaria,dog,FALSE
Fragaria,horse,FALSE
Neoregalia spp.,cat,FALSE
Neoregalia spp.,dog,FALSE
Neoregalia spp.,horse,TRUE
Dracaena deremensis,cat,TRUE
Dracaena deremensis,dog,TRUE
Dracaena deremensis,horse,TRUE
Sorhum vulgare var. sudanesis,cat,TRUE
Sorhum vulgare var. sudanesis,dog,TRUE
Sorhum vulgare var. sudanesis,horse,TRUE
Ceratonia siliqua,cat,FALSE
Ceratonia siliqua,dog,FALSE
Ceratonia siliqua,horse,FALSE
Eriogonium umbellatum,cat,FALSE
Eriogonium umbellatum,dog,FALSE
Eriogonium umbellatum,horse,FALSE
Galtonia,cat,FALSE
Galtonia,dog,FALSE
Galtonia,horse,TRUE
helianthus angustifolius,cat,FALSE
helianthus angustifolius,dog,FALSE
helianthus angustifolius,horse,FALSE
Gloriosa superba,cat,TRUE
Gloriosa superba,dog,TRUE
Gloriosa superba,horse,TRUE
Acer rubrum,cat,TRUE
Acer rubrum,dog,TRUE
Acer rubrum,horse,TRUE
helianthus angustifolius,cat,FALSE
helianthus angustifolius,dog,FALSE
helianthus angustifolius,horse,FALSE
Plectranthus australis,cat,FALSE
Plectranthus australis,dog,FALSE
Plectranthus australis,horse,FALSE
Lathyrus latifolius,cat,TRUE
Lathyrus latifolius,dog,TRUE
Lathyrus latifolius,horse,TRUE
Ipomoea batatas,cat,TRUE
Ipomoea batatas,dog,TRUE
Ipomoea batatas,horse,TRUE
Dianthus caryophyllus,cat,TRUE
Dianthus caryophyllus,dog,TRUE
Dianthus caryophyllus,horse,TRUE
Hoya kerrii,cat,FALSE
Hoya kerrii,dog,FALSE
Hoya kerrii,horse,TRUE
Hedera helix,cat,TRUE
Hedera helix,dog,TRUE
Hedera helix,horse,TRUE
Monstera deliciosa,cat,TRUE
Monstera deliciosa,dog,TRUE
Monstera deliciosa,horse,TRUE
Nephrolepis biserrata,cat,FALSE
Nephrolepis biserrata,dog,FALSE
Nephrolepis biserrata,horse,FALSE
tradescantia multiflora,cat,FALSE
tradescantia multiflora,dog,FALSE
tradescantia multiflora,horse,TRUE
Anthurium scherzeranum,cat,TRUE
Anthurium scherzeranum,dog,TRUE
Anthurium scherzeranum,horse,TRUE
Masdevallia,cat,FALSE
Masdevallia,dog,FALSE
Masdevallia,horse,TRUE
Nephrolepis biserrata,cat,FALSE
Nephrolepis biserrata,dog,FALSE
Nephrolepis biserrata,horse,FALSE
Mahonia aquifolium,cat,FALSE
Mahonia aquifolium,dog,FALSE
Mahonia aquifolium,horse,FALSE
Impatiens spp.,cat,FALSE
Impatiens spp.,dog,FALSE
Impatiens spp.,horse,TRUE
Caladium hortulanum,cat,TRUE
Caladium hortulanum,dog,TRUE
Caladium hortulanum,horse,TRUE
Colocasia esculenta,cat,TRUE
Colocasia esculenta,dog,TRUE
Colocasia esculenta,horse,TRUE
Epipremnum aureum,cat,TRUE
Epipremnum aureum,dog,TRUE
Epipremnum aureum,horse,TRUE
Cucumis dipsaceus,cat,FALSE
Cucumis dipsaceus,dog,FALSE
Cucumis dipsaceus,horse,FALSE
0,cat,TRUE
0,dog,TRUE
0,horse,TRUE
Salvia coccinea,cat,FALSE
Salvia coccinea,dog,FALSE
Salvia coccinea,horse,FALSE
Melia azedarach,cat,TRUE
Melia azedarach,dog,TRUE
Melia azedarach,horse,TRUE
Thea japonica,cat,FALSE
Thea japonica,dog,FALSE
Thea japonica,horse,FALSE
Mammillaria fragilis,cat,FALSE
Mammillaria fragilis,dog,FALSE
Mammillaria fragilis,horse,TRUE
Crataegus douglasii,cat,FALSE
Crataegus douglasii,dog,FALSE
Crataegus douglasii,horse,FALSE
Smilax glabra,cat,FALSE
Smilax glabra,dog,FALSE
Smilax glabra,horse,FALSE
Cordyline terminalis,cat,TRUE
Cordyline terminalis,dog,TRUE
Cordyline terminalis,horse,TRUE
Coreopsis californica,cat,FALSE
Coreopsis californica,dog,FALSE
Coreopsis californica,horse,FALSE
Lilium tigrinum,cat,TRUE
Lilium tigrinum,dog,FALSE
Lilium tigrinum,horse,FALSE
Haemaria discolor,cat,FALSE
Haemaria discolor,dog,FALSE
Haemaria discolor,horse,TRUE
Stapelia variegata,cat,FALSE
Stapelia variegata,dog,FALSE
Stapelia variegata,horse,TRUE
Nicotiana glauca,cat,TRUE
Nicotiana glauca,dog,TRUE
Nicotiana glauca,horse,TRUE
Lycopersicon spp,cat,TRUE
Lycopersicon spp,dog,TRUE
Lycopersicon spp,horse,TRUE
Kniphofia,cat,FALSE
Kniphofia,dog,FALSE
Kniphofia,horse,TRUE
Canna edulis,cat,FALSE
Canna edulis,dog,FALSE
Canna edulis,horse,FALSE
null,cat,TRUE
null,dog,TRUE
null,horse,TRUE
0,cat,TRUE
0,dog,TRUE
0,horse,TRUE
Peperomia prostata,cat,FALSE
Peperomia prostata,dog,FALSE
Peperomia prostata,horse,TRUE
Opuntia species,cat,FALSE
Opuntia species,dog,FALSE
Opuntia species,horse,TRUE
Kohleria lindeniana,cat,FALSE
Kohleria lindeniana,dog,FALSE
Kohleria lindeniana,horse,TRUE
Philodendron selloum,cat,TRUE
Philodendron selloum,dog,TRUE
Philodendron selloum,horse,TRUE
Nicotiana glauca,cat,TRUE
Nicotiana glauca,dog,TRUE
Nicotiana glauca,horse,TRUE
Dieffenbachia amoena,cat,TRUE
Dieffenbachia amoena,dog,TRUE
Dieffenbachia amoena,horse,TRUE
Selaginella kraussiana,cat,FALSE
Selaginella kraussiana,dog,FALSE
Selaginella kraussiana,horse,FALSE
Aloe barbadensis,cat,TRUE
Aloe barbadensis,dog,TRUE
Aloe barbadensis,horse,TRUE
Cucumis melo,cat,FALSE
Cucumis melo,dog,FALSE
Cucumis melo,horse,FALSE
Zantedeschia aethiopica,cat,TRUE
Zantedeschia aethiopica,dog,TRUE
Zantedeschia aethiopica,horse,TRUE
Smilax glabra,cat,FALSE
Smilax glabra,dog,FALSE
Smilax glabra,horse,FALSE
Tulipa species,cat,TRUE
Tulipa species,dog,TRUE
Tulipa species,horse,TRUE
Liriodendron tulipifera,cat,FALSE
Liriodendron tulipifera,dog,FALSE
Liriodendron tulipifera,horse,FALSE
Cucurbita maxima cv turbaniformis,cat,FALSE
Cucurbita maxima cv turbaniformis,dog,FALSE
Cucurbita maxima cv turbaniformis,horse,FALSE
NONE LISTED,cat,FALSE
NONE LISTED,dog,FALSE
NONE LISTED,horse,TRUE
Podophyllum peltatum,cat,TRUE
Podophyllum peltatum,dog,TRUE
Podophyllum peltatum,horse,TRUE
Eriogonium umbellatum,cat,FALSE
Eriogonium umbellatum,dog,FALSE
Eriogonium umbellatum,horse,FALSE
Brassaia actinophylla,cat,TRUE
Brassaia actinophylla,dog,TRUE
Brassaia actinophylla,horse,TRUE
Echeveria elegans,cat,FALSE
Echeveria elegans,dog,FALSE
Echeveria elegans,horse,FALSE
Santpaulia confusa,cat,FALSE
Santpaulia confusa,dog,FALSE
Santpaulia confusa,horse,TRUE
Dieffenbachia picta,cat,TRUE
Dieffenbachia picta,dog,TRUE
Dieffenbachia picta,horse,TRUE
Tradescantia flumeninsis,cat,FALSE
Tradescantia flumeninsis,dog,FALSE
Tradescantia flumeninsis,horse,TRUE
"Scindapsus, Philodendron spp",cat,TRUE
"Scindapsus, Philodendron spp",dog,TRUE
"Scindapsus, Philodendron spp",horse,TRUE
Tradescantia flumeninsis,cat,FALSE
Tradescantia flumeninsis,dog,FALSE
Tradescantia flumeninsis,horse,TRUE
Echeveria sp.,cat,FALSE
Echeveria sp.,dog,FALSE
Echeveria sp.,horse,TRUE
Gynura aurantica,cat,FALSE
Gynura aurantica,dog,FALSE
Gynura aurantica,horse,TRUE
Dionaea muscipula,cat,FALSE
Dionaea muscipula,dog,FALSE
Dionaea muscipula,horse,TRUE
Nephrolepis biserrata,cat,FALSE
Nephrolepis biserrata,dog,FALSE
Nephrolepis biserrata,horse,FALSE
Nephrolepis biserrata,cat,FALSE
Nephrolepis biserrata,dog,FALSE
Nephrolepis biserrata,horse,FALSE
Vinca rosea,cat,TRUE
Vinca rosea,dog,TRUE
Vinca rosea,horse,TRUE
Peperomia serpens variegata,cat,FALSE
Peperomia serpens variegata,dog,FALSE
Peperomia serpens variegata,horse,TRUE
Sinningia speciosa,cat,FALSE
Sinningia speciosa,dog,FALSE
Sinningia speciosa,horse,TRUE
Echium vulgare,cat,TRUE
Echium vulgare,dog,TRUE
Echium vulgare,horse,TRUE
Echium plantagineum,cat,TRUE
Echium plantagineum,dog,TRUE
Echium plantagineum,horse,TRUE
Clematis sp.,cat,TRUE
Clematis sp.,dog,TRUE
Clematis sp.,horse,TRUE
Hemigraphis exotica,cat,FALSE
Hemigraphis exotica,dog,FALSE
Hemigraphis exotica,horse,TRUE
Euonymus occidentalis,cat,TRUE
Euonymus occidentalis,dog,TRUE
Euonymus occidentalis,horse,TRUE
Arum maculatum,cat,TRUE
Arum maculatum,dog,TRUE
Arum maculatum,horse,TRUE
Chlorophytum comosum,cat,FALSE
Chlorophytum comosum,dog,FALSE
Chlorophytum comosum,horse,TRUE
Tradescantia flumeninsis,cat,FALSE
Tradescantia flumeninsis,dog,TRUE
Tradescantia flumeninsis,horse,TRUE
Dracaena deremensis,cat,TRUE
Dracaena deremensis,dog,TRUE
Dracaena deremensis,horse,TRUE
Crataegus species,cat,FALSE
Crataegus species,dog,FALSE
Crataegus species,horse,FALSE
Iris species,cat,TRUE
Iris species,dog,TRUE
Iris species,horse,TRUE
Cicuta maculata,cat,TRUE
Cicuta maculata,dog,TRUE
Cicuta maculata,horse,TRUE
Carya aquatica,cat,FALSE
Carya aquatica,dog,FALSE
Carya aquatica,horse,FALSE
Eichhornia crassipes,cat,TRUE
Eichhornia crassipes,dog,TRUE
Eichhornia crassipes,horse,TRUE
Peperomia argyreia,cat,FALSE
Peperomia argyreia,dog,FALSE
Peperomia argyreia,horse,TRUE
Peperomia argyreia,cat,FALSE
Peperomia argyreia,dog,FALSE
Peperomia argyreia,horse,TRUE
Pilea cadieri,cat,FALSE
Pilea cadieri,dog,FALSE
Pilea cadieri,horse,TRUE
Hoya carnosa 'krinkle kurl',cat,FALSE
Hoya carnosa 'krinkle kurl',dog,FALSE
Hoya carnosa 'krinkle kurl',horse,TRUE
Echeveria derenbergii,cat,FALSE
Echeveria derenbergii,dog,FALSE
Echeveria derenbergii,horse,TRUE
Ligustrum japonicum,cat,TRUE
Ligustrum japonicum,dog,TRUE
Ligustrum japonicum,horse,TRUE
Callistemon species,cat,FALSE
Callistemon species,dog,FALSE
Callistemon species,horse,FALSE
Ficus sp.,cat,TRUE
Ficus sp.,dog,TRUE
Ficus sp.,horse,TRUE
Tsuga species,cat,FALSE
Tsuga species,dog,FALSE
Tsuga species,horse,FALSE
Crataegus species,cat,FALSE
Crataegus species,dog,FALSE
Crataegus species,horse,FALSE
Cucumis anguria,cat,FALSE
Cucumis anguria,dog,FALSE
Cucumis anguria,horse,FALSE
Ploystichum munitum,cat,FALSE
Ploystichum munitum,dog,FALSE
Ploystichum munitum,horse,FALSE
Pinus ponderosa,cat,TRUE
Pinus ponderosa,dog,TRUE
Pinus ponderosa,horse,TRUE
Taxus brevifolia,cat,TRUE
Taxus brevifolia,dog,TRUE
Taxus brevifolia,horse,TRUE
Plectranthus australis,cat,FALSE
Plectranthus australis,dog,FALSE
Plectranthus australis,horse,FALSE
Hedychium coronarium,cat,FALSE
Hedychium coronarium,dog,FALSE
Hedychium coronarium,horse,FALSE
Sphenosciadium capitellatum,cat,TRUE
Sphenosciadium capitellatum,dog,TRUE
Sphenosciadium capitellatum,horse,TRUE
Carya tomentosa,cat,FALSE
Carya tomentosa,dog,FALSE
Carya tomentosa,horse,FALSE
Eupatorium rugosum,cat,TRUE
Eupatorium rugosum,dog,TRUE
Eupatorium rugosum,horse,TRUE
Brassica species,cat,TRUE
Brassica species,dog,TRUE
Brassica species,horse,TRUE
Nephrolepis biserrata,cat,FALSE
Nephrolepis biserrata,dog,FALSE
Nephrolepis biserrata,horse,FALSE
Arum palestinum,cat,TRUE
Arum palestinum,dog,TRUE
Arum palestinum,horse,TRUE
Eriogonium umbellatum,cat,FALSE
Eriogonium umbellatum,dog,FALSE
Eriogonium umbellatum,horse,FALSE
Arum palestinum,cat,TRUE
Arum palestinum,dog,TRUE
Arum palestinum,horse,TRUE
Dianthus caryophyllus,cat,TRUE
Dianthus caryophyllus,dog,TRUE
Dianthus caryophyllus,horse,TRUE
Polyscias guilfoylei,cat,TRUE
Polyscias guilfoylei,dog,TRUE
Polyscias guilfoylei,horse,TRUE
Dichelostemma pulchellum,cat,FALSE
Dichelostemma pulchellum,dog,FALSE
Dichelostemma pulchellum,horse,FALSE
Abronia fragrans,cat,FALSE
Abronia fragrans,dog,FALSE
Abronia fragrans,horse,FALSE
Raphanus raphanistrum,cat,TRUE
Raphanus raphanistrum,dog,TRUE
Raphanus raphanistrum,horse,TRUE
Smilax glauca,cat,FALSE
Smilax glauca,dog,FALSE
Smilax glauca,horse,FALSE
Fragaria,cat,FALSE
Fragaria,dog,FALSE
Fragaria,horse,FALSE
Epilobium angustifolium,cat,FALSE
Epilobium angustifolium,dog,FALSE
Epilobium angustifolium,horse,FALSE
Trachycarpus fortunei,cat,FALSE
Trachycarpus fortunei,dog,FALSE
Trachycarpus fortunei,horse,TRUE
Cattleya trianaei,cat,FALSE
Cattleya trianaei,dog,FALSE
Cattleya trianaei,horse,TRUE
Solanum pseudocapsicum,cat,TRUE
Solanum pseudocapsicum,dog,TRUE
Solanum pseudocapsicum,horse,TRUE
Ilex opaca,cat,TRUE
Ilex opaca,dog,TRUE
Ilex opaca,horse,TRUE
Barbarea orthoceras,cat,TRUE
Barbarea orthoceras,dog,TRUE
Barbarea orthoceras,horse,TRUE
wisteria species,cat,TRUE
wisteria species,dog,TRUE
wisteria species,horse,TRUE
Anthirrhinum multiflorum,cat,FALSE
Anthirrhinum multiflorum,dog,FALSE
Anthirrhinum multiflorum,horse,TRUE
Lilium umbellatum,cat,TRUE
Lilium umbellatum,dog,FALSE
Lilium umbellatum,horse,FALSE
Celosia cristata,cat,FALSE
Celosia cristata,dog,FALSE
Celosia cristata,horse,TRUE
Erysimum cheiranthoides,cat,TRUE
Erysimum cheiranthoides,dog,TRUE
Erysimum cheiranthoides,horse,TRUE
Achillea millefolium,cat,TRUE
Achillea millefolium,dog,TRUE
Achillea millefolium,horse,TRUE
Iresine herbstii,cat,FALSE
Iresine herbstii,dog,FALSE
Iresine herbstii,horse,TRUE
Thevetia peruviana,cat,TRUE
Thevetia peruviana,dog,TRUE
Thevetia peruviana,horse,TRUE
Dypsis lutescens,cat,FALSE
Dypsis lutescens,dog,FALSE
Dypsis lutescens,horse,TRUE
Pinus ponderosa,cat,TRUE
Pinus ponderosa,dog,TRUE
Pinus ponderosa,horse,TRUE
Centaurea solstitialis,cat,TRUE
Centaurea solstitialis,dog,TRUE
Centaurea solstitialis,horse,TRUE
Cucurbita species,cat,FALSE
Cucurbita species,dog,FALSE
Cucurbita species,horse,FALSE
Barbarea vulgaris,cat,TRUE
Barbarea vulgaris,dog,TRUE
Barbarea vulgaris,horse,TRUE
Peperomia rotundifolia,cat,FALSE
Peperomia rotundifolia,dog,FALSE
Peperomia rotundifolia,horse,TRUE
Brunfelsia species,cat,TRUE
Brunfelsia species,dog,TRUE
Brunfelsia species,horse,TRUE
Taxus sp.,cat,TRUE
Taxus sp.,dog,TRUE
Taxus sp.,horse,TRUE
Podocarpus macrophylla,cat,TRUE
Podocarpus macrophylla,dog,TRUE
Podocarpus macrophylla,horse,TRUE
Yucca sp.,cat,TRUE
Yucca sp.,dog,TRUE
Yucca sp.,horse,TRUE
Haworthia fasciata,cat,FALSE
Haworthia fasciata,dog,FALSE
Haworthia fasciata,horse,TRUE
Zinnia species,cat,FALSE
Zinnia species,dog,FALSE
Zinnia species,horse,TRUE
Cucurbia pepo cv zucchini,cat,FALSE
Cucurbia pepo cv zucchini,dog,FALSE
Cucurbia pepo cv zucchini,horse,FALSE
